Vietnam,Noodle,banh canh,bun cha,bun bo hue,bun oc,bun rieu,cao lau,pho,,,,,,,,,,,,,,,,,,,,,,,,,,,,,,,,,,,,,,,,,,,,,,,,,,,,,,,,,,,,,,,,,,,,,,,,,,,,,,,,,,,,,,,,,,,,,,,,,,,,,,,,,,,,,,,,,,,,,,,,,,,,,,,,,,,,,,,,,,,,,,,,,,,,,,,,,,,,,,
Vietnam,Dumpling,banh ba trang,banh bao,banh bot loc,banh cam,banh it,banh nam,banh khuc,banh ran,banh te,,,,,,,,,,,,,,,,,,,,,,,,,,,,,,,,,,,,,,,,,,,,,,,,,,,,,,,,,,,,,,,,,,,,,,,,,,,,,,,,,,,,,,,,,,,,,,,,,,,,,,,,,,,,,,,,,,,,,,,,,,,,,,,,,,,,,,,,,,,,,,,,,,,,,,,,,,,,
Vietnam,Pancake and Sandwich,banh beo,banh can,banh duc,banh khot,banh xeo,banh mi,,,,,,,,,,,,,,,,,,,,,,,,,,,,,,,,,,,,,,,,,,,,,,,,,,,,,,,,,,,,,,,,,,,,,,,,,,,,,,,,,,,,,,,,,,,,,,,,,,,,,,,,,,,,,,,,,,,,,,,,,,,,,,,,,,,,,,,,,,,,,,,,,,,,,,,,,,,,,,,
Vietnam,Rolls,banh cuon,banh tom,banh trang,banh uot,cha nem,goi cuon,mon cuon,,,,,,,,,,,,,,,,,,,,,,,,,,,,,,,,,,,,,,,,,,,,,,,,,,,,,,,,,,,,,,,,,,,,,,,,,,,,,,,,,,,,,,,,,,,,,,,,,,,,,,,,,,,,,,,,,,,,,,,,,,,,,,,,,,,,,,,,,,,,,,,,,,,,,,,,,,,,,,
Vietnam,Soups,soup,chao,congee,chao tom,sup mang cua,,,,,,,,,,,,,,,,,,,,,,,,,,,,,,,,,,,,,,,,,,,,,,,,,,,,,,,,,,,,,,,,,,,,,,,,,,,,,,,,,,,,,,,,,,,,,,,,,,,,,,,,,,,,,,,,,,,,,,,,,,,,,,,,,,,,,,,,,,,,,,,,,,,,,,,,,,,,,,,,
Vietnam,sauces,nuoc cham,mam tom,xi dau,tuong,,,,,,,,,,,,,,,,,,,,,,,,,,,,,,,,,,,,,,,,,,,,,,,,,,,,,,,,,,,,,,,,,,,,,,,,,,,,,,,,,,,,,,,,,,,,,,,,,,,,,,,,,,,,,,,,,,,,,,,,,,,,,,,,,,,,,,,,,,,,,,,,,,,,,,,,,,,,,,,,,
Vietnam,Dessert,banh bo,banh cay,banh da lon,banh chuoi,banh flan,banh kep la dua,banh khoai mi,banh pia,banh tet,banh tieu,banh trung thu,che,che troi nuoc,chendol,com ruou,sua chua,douhua,banh troi,ruou nep,sam bo luong,,,,,,,,,,,,,,,,,,,,,,,,,,,,,,,,,,,,,,,,,,,,,,,,,,,,,,,,,,,,,,,,,,,,,,,,,,,,,,,,,,,,,,,,,,,,,,,,,,,,,,,,,,,,,,,,,,,,,,,,,,,,,,,,,,,,,,,,,,,,,,,,,
Vietnam,Other dish,balut,banh chung,banh da,banh goi,banh la,com,com nam,com tam,gio lua,lo trau,nem chua,rousong,tiet canh,xoi,,,,,,,,,,,,,,,,,,,,,,,,,,,,,,,,,,,,,,,,,,,,,,,,,,,,,,,,,,,,,,,,,,,,,,,,,,,,,,,,,,,,,,,,,,,,,,,,,,,,,,,,,,,,,,,,,,,,,,,,,,,,,,,,,,,,,,,,,,,,,,,,,,,,,,,
Vietnam,Beverage,Bia,chanh muoi,hue beer,nuoc mia,nuoc sam,rau ma,ruou can,ruou de,rhuou thuoc,tra viet,tra sen,che sen,soy milk,,,,,,,,,,,,,,,,,,,,,,,,,,,,,,,,,,,,,,,,,,,,,,,,,,,,,,,,,,,,,,,,,,,,,,,,,,,,,,,,,,,,,,,,,,,,,,,,,,,,,,,,,,,,,,,,,,,,,,,,,,,,,,,,,,,,,,,,,,,,,,,,,,,,,,,,
Thai,Rice,paper,chok,khao kan chin,khao kha mu,khao khai chiao,khao khluk kapi,khao mok kai,khao muk nuea,khao man kai,khao mu krop,krop mu daeng,khao niao,khao phat,khao tom,,,,,,,,,,,,,,,,,,,,,,,,,,,,,,,,,,,,,,,,,,,,,,,,,,,,,,,,,,,,,,,,,,,,,,,,,,,,,,,,,,,,,,,,,,,,,,,,,,,,,,,,,,,,,,,,,,,,,,,,,,,,,,,,,,,,,,,,,,,,,,,,,,,,,,,
Thai,Noodles,bami haeng pet,bami mu daeng,khanom chin,kualchap,kuai-tiao,mi krop,phat mama,phat siso,phat wun sen,tom yam boran,yen tafo,phat,,,,,,,,,,,,,,,,,,,,,,,,,,,,,,,,,,,,,,,,,,,,,,,,,,,,,,,,,,,,,,,,,,,,,,,,,,,,,,,,,,,,,,,,,,,,,,,,,,,,,,,,,,,,,,,,,,,,,,,,,,,,,,,,,,,,,,,,,,,,,,,,,,,,,,,,,
Thai,Curry,chim hum,chuchi pla kaphong,,chuchi plathu sot,kaeng cha -om,kaeng faksai kai,kaeng dok salae,kaeng hangle,kaeng het,kaeng kari,kaeng,som tam pu,tam khanun,yam baicha,yam khaidao,,,,,,,,,,,,,,,,,,,,,,,,,,,,,,,,,,,,,,,,,,,,,,,,,,,,,,,,,,,,,,,,,,,,,,,,,,,,,,,,,,,,,,,,,,,,,,,,,,,,,,,,,,,,,,,,,,,,,,,,,,,,,,,,,,,,,,,,,,,,,,,,,,,,,,
Thai,Salad,koi pla,lap lanna,lap nuea,mu nam,naem khluk,phla mu,sa nuea sadung,som tam pla ra,tam khanun,tam muyo,yam bai cha,yam humu,yam khai dao,yam kun chiang,yam naem sot,yam phak khut,yam pla thu,,,,,,,,,,,,,,,,,,,,,,,,,,,,,,,,,,,,,,,,,,,,,,,,,,,,,,,,,,,,,,,,,,,,,,,,,,,,,,,,,,,,,,,,,,,,,,,,,,,,,,,,,,,,,,,,,,,,,,,,,,,,,,,,,,,,,,,,,,,,,,,,,,,,
Thai,Soups,kaolao,mu kratha,pa thong,nam sup,tom chuet,tom kha,tom khlong,tom mara,tom saep,tom yam,tom yuea phai,,,,,,,,,,,,,,,,,,,,,,,,,,,,,,,,,,,,,,,,,,,,,,,,,,,,,,,,,,,,,,,,,,,,,,,,,,,,,,,,,,,,,,,,,,,,,,,,,,,,,,,,,,,,,,,,,,,,,,,,,,,,,,,,,,,,,,,,,,,,,,,,,,,,,,,,,,
Thai,Sauces,chim chum,suki,nam chim chaeo,cnam chim kae,nam chim paesa,nam chim sate,nam phrik num,nam phrok ong,nam phrok phao,,,,,,,,,,,,,,,,,,,,,,,,,,,,,,,,,,,,,,,,,,,,,,,,,,,,,,,,,,,,,,,,,,,,,,,,,,,,,,,,,,,,,,,,,,,,,,,,,,,,,,,,,,,,,,,,,,,,,,,,,,,,,,,,,,,,,,,,,,,,,,,,,,,,,,,,,,,,
Thai,Other dish,khai dao,mu op,mu ruam,pla sam thap,,,,,,,,,,,,,,,,,,,,,,,,,,,,,,,,,,,,,,,,,,,,,,,,,,,,,,,,,,,,,,,,,,,,,,,,,,,,,,,,,,,,,,,,,,,,,,,,,,,,,,,,,,,,,,,,,,,,,,,,,,,,,,,,,,,,,,,,,,,,,,,,,,,,,,,,,,,,,,,,,
Thai,Desserts,chaokuoi,foi thong,khanom bua loi,khanom chan,khanom khrok,khanom tako,khanom tan,khanom,kraya sat,mamuang dong,ruam mit,,,,,,,,,,,,,,,,,,,,,,,,,,,,,,,,,,,,,,,,,,,,,,,,,,,,,,,,,,,,,,,,,,,,,,,,,,,,,,,,,,,,,,,,,,,,,,,,,,,,,,,,,,,,,,,,,,,,,,,,,,,,,,,,,,,,,,,,,,,,,,,,,,,,,,,,,,
Thai,Beverage,Cha,kafae boran,krating daeng,nam manao,satho,,,,,,,,,,,,,,,,,,,,,,,,,,,,,,,,,,,,,,,,,,,,,,,,,,,,,,,,,,,,,,,,,,,,,,,,,,,,,,,,,,,,,,,,,,,,,,,,,,,,,,,,,,,,,,,,,,,,,,,,,,,,,,,,,,,,,,,,,,,,,,,,,,,,,,,,,,,,,,,,
Korean,Snacks,kimbap,jeon,ddeokbokki,hotteok,hobbang,beondegi,,,,,,,,,,,,,,,,,,,,,,,,,,,,,,,,,,,,,,,,,,,,,,,,,,,,,,,,,,,,,,,,,,,,,,,,,,,,,,,,,,,,,,,,,,,,,,,,,,,,,,,,,,,,,,,,,,,,,,,,,,,,,,,,,,,,,,,,,,,,,,,,,,,,,,,,,,,,,,,
Korean,soups,Guk,Tang,jjigae,jeongol,maeuntang,chueotang,kongbiji,,,,,,,,,,,,,,,,,,,,,,,,,,,,,,,,,,,,,,,,,,,,,,,,,,,,,,,,,,,,,,,,,,,,,,,,,,,,,,,,,,,,,,,,,,,,,,,,,,,,,,,,,,,,,,,,,,,,,,,,,,,,,,,,,,,,,,,,,,,,,,,,,,,,,,,,,,,,,,
Korean,Noodles,Guksu,sujebi,kalguksu,jajangmyeon,makguksu,ramyeon,naengmyeon,japchae,,,,,,,,,,,,,,,,,,,,,,,,,,,,,,,,,,,,,,,,,,,,,,,,,,,,,,,,,,,,,,,,,,,,,,,,,,,,,,,,,,,,,,,,,,,,,,,,,,,,,,,,,,,,,,,,,,,,,,,,,,,,,,,,,,,,,,,,,,,,,,,,,,,,,,,,,,,,,
Korean,Side dish,Anju,jokbal,Banchan,kimchi,namui,,,,,,,,,,,,,,,,,,,,,,,,,,,,,,,,,,,,,,,,,,,,,,,,,,,,,,,,,,,,,,,,,,,,,,,,,,,,,,,,,,,,,,,,,,,,,,,,,,,,,,,,,,,,,,,,,,,,,,,,,,,,,,,,,,,,,,,,,,,,,,,,,,,,,,,,,,,,,,,,
Korean,Dessert,Tteok,songpyeon,yakshik,,,,,,,,,,,,,,,,,,,,,,,,,,,,,,,,,,,,,,,,,,,,,,,,,,,,,,,,,,,,,,,,,,,,,,,,,,,,,,,,,,,,,,,,,,,,,,,,,,,,,,,,,,,,,,,,,,,,,,,,,,,,,,,,,,,,,,,,,,,,,,,,,,,,,,,,,,,,,,,,,,
Korean,Court dish,Gujeolpan,Sinseollo,,,,,,,,,,,,,,,,,,,,,,,,,,,,,,,,,,,,,,,,,,,,,,,,,,,,,,,,,,,,,,,,,,,,,,,,,,,,,,,,,,,,,,,,,,,,,,,,,,,,,,,,,,,,,,,,,,,,,,,,,,,,,,,,,,,,,,,,,,,,,,,,,,,,,,,,,,,,,,,,,,,
Korean,Grilled dish,Bulgogi,Galbi,samgyeopsal,makchang gui,gobchang gui,saengseon gui,deodeok gui,beoseot gui,gim gui,,,,,,,,,,,,,,,,,,,,,,,,,,,,,,,,,,,,,,,,,,,,,,,,,,,,,,,,,,,,,,,,,,,,,,,,,,,,,,,,,,,,,,,,,,,,,,,,,,,,,,,,,,,,,,,,,,,,,,,,,,,,,,,,,,,,,,,,,,,,,,,,,,,,,,,,,,,,
Korean,Steamed dish,Galbijjim,Andong jjimdak,Aguijjim,Jeonbokjjim,Gyeran jjim,Oiseon,Hobakseon,Dubuseon,,,,,,,,,,,,,,,,,,,,,,,,,,,,,,,,,,,,,,,,,,,,,,,,,,,,,,,,,,,,,,,,,,,,,,,,,,,,,,,,,,,,,,,,,,,,,,,,,,,,,,,,,,,,,,,,,,,,,,,,,,,,,,,,,,,,,,,,,,,,,,,,,,,,,,,,,,,,,
Korean,Grain dish,bibimbap,boribap,nurungji,ogokbap,patbap,,,,,,,,,,,,,,,,,,,,,,,,,,,,,,,,,,,,,,,,,,,,,,,,,,,,,,,,,,,,,,,,,,,,,,,,,,,,,,,,,,,,,,,,,,,,,,,,,,,,,,,,,,,,,,,,,,,,,,,,,,,,,,,,,,,,,,,,,,,,,,,,,,,,,,,,,,,,,,,,
Korean,Beverage,makgeolli,insam cha,yuja cha,bori cha,oksusu cha,hyeonmi cha,yulmucha,misu,sungnyung,,,,,,,,,,,,,,,,,,,,,,,,,,,,,,,,,,,,,,,,,,,,,,,,,,,,,,,,,,,,,,,,,,,,,,,,,,,,,,,,,,,,,,,,,,,,,,,,,,,,,,,,,,,,,,,,,,,,,,,,,,,,,,,,,,,,,,,,,,,,,,,,,,,,,,,,,,,,
Malay,Noodles,Banmian,Char kway teow,curry mee,hokkien mee,laksa,lor mee,maggi,mee pok,soto,,,,,,,,,,,,,,,,,,,,,,,,,,,,,,,,,,,,,,,,,,,,,,,,,,,,,,,,,,,,,,,,,,,,,,,,,,,,,,,,,,,,,,,,,,,,,,,,,,,,,,,,,,,,,,,,,,,,,,,,,,,,,,,,,,,,,,,,,,,,,,,,,,,,,,,,,,,,
Malay,Rice,nasi dagang,nasi kandar,nasi kerabu,nasi lemak,nasi paprik,nasi ulam,,,,,,,,,,,,,,,,,,,,,,,,,,,,,,,,,,,,,,,,,,,,,,,,,,,,,,,,,,,,,,,,,,,,,,,,,,,,,,,,,,,,,,,,,,,,,,,,,,,,,,,,,,,,,,,,,,,,,,,,,,,,,,,,,,,,,,,,,,,,,,,,,,,,,,,,,,,,,,,
Malay,Snacks,keropok,cokodok,keropok lekor,kuih,pisang goreng,kuih akok,,,,,,,,,,,,,,,,,,,,,,,,,,,,,,,,,,,,,,,,,,,,,,,,,,,,,,,,,,,,,,,,,,,,,,,,,,,,,,,,,,,,,,,,,,,,,,,,,,,,,,,,,,,,,,,,,,,,,,,,,,,,,,,,,,,,,,,,,,,,,,,,,,,,,,,,,,,,,,,
Malay,soups,Bak kut the,yong tau foo,,,,,,,,,,,,,,,,,,,,,,,,,,,,,,,,,,,,,,,,,,,,,,,,,,,,,,,,,,,,,,,,,,,,,,,,,,,,,,,,,,,,,,,,,,,,,,,,,,,,,,,,,,,,,,,,,,,,,,,,,,,,,,,,,,,,,,,,,,,,,,,,,,,,,,,,,,,,,,,,,,,
Malay,dish,Acar,Ambuyat,Chai tow kway,Fish head,Heon peng,Ikan bakar,Ketupat,Kuih kochi,Lemang,Murtabak,Popiah,Rendang,Sata,Satay,Yusheng,,,,,,,,,,,,,,,,,,,,,,,,,,,,,,,,,,,,,,,,,,,,,,,,,,,,,,,,,,,,,,,,,,,,,,,,,,,,,,,,,,,,,,,,,,,,,,,,,,,,,,,,,,,,,,,,,,,,,,,,,,,,,,,,,,,,,,,,,,,,,,,,,,,,,,
Malay,Salad,Pasembur,Rojak,Ulam,,,,,,,,,,,,,,,,,,,,,,,,,,,,,,,,,,,,,,,,,,,,,,,,,,,,,,,,,,,,,,,,,,,,,,,,,,,,,,,,,,,,,,,,,,,,,,,,,,,,,,,,,,,,,,,,,,,,,,,,,,,,,,,,,,,,,,,,,,,,,,,,,,,,,,,,,,,,,,,,,,
Malay,Fried dish,mee goreng,nasi goreng,,,,,,,,,,,,,,,,,,,,,,,,,,,,,,,,,,,,,,,,,,,,,,,,,,,,,,,,,,,,,,,,,,,,,,,,,,,,,,,,,,,,,,,,,,,,,,,,,,,,,,,,,,,,,,,,,,,,,,,,,,,,,,,,,,,,,,,,,,,,,,,,,,,,,,,,,,,,,,,,,,,
Malay,meat dish,bakkwa,char siu,,,,,,,,,,,,,,,,,,,,,,,,,,,,,,,,,,,,,,,,,,,,,,,,,,,,,,,,,,,,,,,,,,,,,,,,,,,,,,,,,,,,,,,,,,,,,,,,,,,,,,,,,,,,,,,,,,,,,,,,,,,,,,,,,,,,,,,,,,,,,,,,,,,,,,,,,,,,,,,,,,,
Malay,dessert,Ais kacang,cendol,dodol,bubur kacang hijau,,,,,,,,,,,,,,,,,,,,,,,,,,,,,,,,,,,,,,,,,,,,,,,,,,,,,,,,,,,,,,,,,,,,,,,,,,,,,,,,,,,,,,,,,,,,,,,,,,,,,,,,,,,,,,,,,,,,,,,,,,,,,,,,,,,,,,,,,,,,,,,,,,,,,,,,,,,,,,,,,
Malay,Sauces,Belacan,budu,cincalok,sambal,tuhau,,,,,,,,,,,,,,,,,,,,,,,,,,,,,,,,,,,,,,,,,,,,,,,,,,,,,,,,,,,,,,,,,,,,,,,,,,,,,,,,,,,,,,,,,,,,,,,,,,,,,,,,,,,,,,,,,,,,,,,,,,,,,,,,,,,,,,,,,,,,,,,,,,,,,,,,,,,,,,,,
Malay,beverage,bandung,tuak,,,,,,,,,,,,,,,,,,,,,,,,,,,,,,,,,,,,,,,,,,,,,,,,,,,,,,,,,,,,,,,,,,,,,,,,,,,,,,,,,,,,,,,,,,,,,,,,,,,,,,,,,,,,,,,,,,,,,,,,,,,,,,,,,,,,,,,,,,,,,,,,,,,,,,,,,,,,,,,,,,,
Chinese,Noodles,chow mei,lamian,chow mein,,,,,,,,,,,,,,,,,,,,,,,,,,,,,,,,,,,,,,,,,,,,,,,,,,,,,,,,,,,,,,,,,,,,,,,,,,,,,,,,,,,,,,,,,,,,,,,,,,,,,,,,,,,,,,,,,,,,,,,,,,,,,,,,,,,,,,,,,,,,,,,,,,,,,,,,,,,,,,,,,,
Chinese,Pork based dish,Dongpo pork,Char siu,,,,,,,,,,,,,,,,,,,,,,,,,,,,,,,,,,,,,,,,,,,,,,,,,,,,,,,,,,,,,,,,,,,,,,,,,,,,,,,,,,,,,,,,,,,,,,,,,,,,,,,,,,,,,,,,,,,,,,,,,,,,,,,,,,,,,,,,,,,,,,,,,,,,,,,,,,,,,,,,,,,
Chinese,Poultry based dish,century egg,duck's head,kung pao chicken,peking duck,soy egg,tea egg,,,,,,,,,,,,,,,,,,,,,,,,,,,,,,,,,,,,,,,,,,,,,,,,,,,,,,,,,,,,,,,,,,,,,,,,,,,,,,,,,,,,,,,,,,,,,,,,,,,,,,,,,,,,,,,,,,,,,,,,,,,,,,,,,,,,,,,,,,,,,,,,,,,,,,,,,,,,,,,
Chinese,Dumpling,Baozi,dim sum,guotie,jiaozi,mantou,wonton,zongzi,,,,,,,,,,,,,,,,,,,,,,,,,,,,,,,,,,,,,,,,,,,,,,,,,,,,,,,,,,,,,,,,,,,,,,,,,,,,,,,,,,,,,,,,,,,,,,,,,,,,,,,,,,,,,,,,,,,,,,,,,,,,,,,,,,,,,,,,,,,,,,,,,,,,,,,,,,,,,,
Chinese,Dessert,scallion pancake,moon cake,sachima,shaobing,youtiao,,,,,,,,,,,,,,,,,,,,,,,,,,,,,,,,,,,,,,,,,,,,,,,,,,,,,,,,,,,,,,,,,,,,,,,,,,,,,,,,,,,,,,,,,,,,,,,,,,,,,,,,,,,,,,,,,,,,,,,,,,,,,,,,,,,,,,,,,,,,,,,,,,,,,,,,,,,,,,,,
Chinese,Soups,hot pot,congee,tong sui,,,,,,,,,,,,,,,,,,,,,,,,,,,,,,,,,,,,,,,,,,,,,,,,,,,,,,,,,,,,,,,,,,,,,,,,,,,,,,,,,,,,,,,,,,,,,,,,,,,,,,,,,,,,,,,,,,,,,,,,,,,,,,,,,,,,,,,,,,,,,,,,,,,,,,,,,,,,,,,,,,
Chinese,Beijing dish,Bang Tofu,Bright Pearl Abalone,Caterpillar Fungus Duck,Crab and Fish Stomachs,Crab-apple Flower Cake,Dried Pot Tofu,Five Colours Fish Cake,Flower Mushroom Frog,Fried Pumpkin Dumplings,Fried Tofu Curd Balls,Fuli Roast Chicken,Ginger Duck,Hay Wrapped Fragrant Ribs,Jade Rabbit Sea Cucumber,Lotus Seed Pod Fish,Phoenix Tail Shrimp,Potato Croquet,Silver Fish Fried Egg,Soy Braised Mandarin Fish,,,,,,,,,,,,,,,,,,,,,,,,,,,,,,,,,,,,,,,,,,,,,,,,,,,,,,,,,,,,,,,,,,,,,,,,,,,,,,,,,,,,,,,,,,,,,,,,,,,,,,,,,,,,,,,,,,,,,,,,,,,,,,,,,,,,,,,,,,,,,,,,,,
Chinese,Cantonese dish,Braised abalone,Shaved ice,Beef chow fun,Bird's nest soup,Black sesame soup,Cantonese seafood soup,Char siu,Crispy fried chicken,Duck with†taro,Guilinggao,Little pan rice,Red bean soup,Roast†squab,Roast†suckling pig,Sea cucumber,Seafood with bird's nest,Shark fin soup,Snow fungus†soup,Sour spare ribs,Spare ribs†soup with†watercress†andapricot kernels,White cut chicken,Winter melon†soup,Wonton noodles,Yeung Chow fried rice,Youtiao,Zhaliang,,,,,,,,,,,,,,,,,,,,,,,,,,,,,,,,,,,,,,,,,,,,,,,,,,,,,,,,,,,,,,,,,,,,,,,,,,,,,,,,,,,,,,,,,,,,,,,,,,,,,,,,,,,,,,,,,,,,,,,,,,,,,,,,,,,,,,,,,,,
Chinese,Fujian dish,Popiah,yanpi,,,,,,,,,,,,,,,,,,,,,,,,,,,,,,,,,,,,,,,,,,,,,,,,,,,,,,,,,,,,,,,,,,,,,,,,,,,,,,,,,,,,,,,,,,,,,,,,,,,,,,,,,,,,,,,,,,,,,,,,,,,,,,,,,,,,,,,,,,,,,,,,,,,,,,,,,,,,,,,,,,,
Chinese,Sichuan dish,Chongqing spicy deep-fried chicken,Dandan noodles,Fuqi Feipian,Sichuan hotpot,Kung Pao chicken,Mapo tofu,Shuizhu,Twice cooked pork,Zhangcha duck,,,,,,,,,,,,,,,,,,,,,,,,,,,,,,,,,,,,,,,,,,,,,,,,,,,,,,,,,,,,,,,,,,,,,,,,,,,,,,,,,,,,,,,,,,,,,,,,,,,,,,,,,,,,,,,,,,,,,,,,,,,,,,,,,,,,,,,,,,,,,,,,,,,,,,,,,,,,
Chinese,Hunan dish,Beer duck,Changsha-style†rice vermicelli,Changsha-style†stinky tofu,Changde-style stewed beef with rice vermicelli,Cured ham with†cowpeas,Dong'an chicken,Dry-wok chicken,Homemade-style†bean curd,Lotus seeds†in†rock sugar†syrup,braised pork,Mala chicken,Smoky flavours steamed together,Spare ribs†steamed in bamboo,Steamed fish head in chili sauce,Stir fried duck blood,Stir fried meat with†douchi†and†chili peppers,Mashed shrimp in lotus pod,Pearly meatballs,Pumpkin cake,Shredded pork,,,,,,,,,,,,,,,,,,,,,,,,,,,,,,,,,,,,,,,,,,,,,,,,,,,,,,,,,,,,,,,,,,,,,,,,,,,,,,,,,,,,,,,,,,,,,,,,,,,,,,,,,,,,,,,,,,,,,,,,,,,,,,,,,,,,,,,,,,,,,,,,,
Japanese,Rice dish,gohan,meshi,chahan,hayashi,kamameshi,mochi,mugi gohan,ochazuke,okowa,omurice,onigiri,sekihan,kayu,okayu,zosui,gyudon,katsudon,oyakodon,tekkadon,unadon,,,,,,,,,,,,,,,,,,,,,,,,,,,,,,,,,,,,,,,,,,,,,,,,,,,,,,,,,,,,,,,,,,,,,,,,,,,,,,,,,,,,,,,,,,,,,,,,,,,,,,,,,,,,,,,,,,,,,,,,,,,,,,,,,,,,,,,,,,,,,,,,,
Japanese,Sushi,sushi,nigiri,maki,chirashi,inari,oshi,mehari,zushi,,,,,,,,,,,,,,,,,,,,,,,,,,,,,,,,,,,,,,,,,,,,,,,,,,,,,,,,,,,,,,,,,,,,,,,,,,,,,,,,,,,,,,,,,,,,,,,,,,,,,,,,,,,,,,,,,,,,,,,,,,,,,,,,,,,,,,,,,,,,,,,,,,,,,,,,,,,,,
Japanese,Noodles,Soba,udon,ramen,champon,okinawa soba,yaki soba,,,,,,,,,,,,,,,,,,,,,,,,,,,,,,,,,,,,,,,,,,,,,,,,,,,,,,,,,,,,,,,,,,,,,,,,,,,,,,,,,,,,,,,,,,,,,,,,,,,,,,,,,,,,,,,,,,,,,,,,,,,,,,,,,,,,,,,,,,,,,,,,,,,,,,,,,,,,,,,
Japanese,breads,curry bread,anpan,yakisoba,korokke,katsu,,,,,,,,,,,,,,,,,,,,,,,,,,,,,,,,,,,,,,,,,,,,,,,,,,,,,,,,,,,,,,,,,,,,,,,,,,,,,,,,,,,,,,,,,,,,,,,,,,,,,,,,,,,,,,,,,,,,,,,,,,,,,,,,,,,,,,,,,,,,,,,,,,,,,,,,,,,,,,,,
Japanese,deep fried dish,agemono,karaage,korokke,kushikatsu,tonkatsu,agedashi,,,,,,,,,,,,,,,,,,,,,,,,,,,,,,,,,,,,,,,,,,,,,,,,,,,,,,,,,,,,,,,,,,,,,,,,,,,,,,,,,,,,,,,,,,,,,,,,,,,,,,,,,,,,,,,,,,,,,,,,,,,,,,,,,,,,,,,,,,,,,,,,,,,,,,,,,,,,,,,
Japanese,Grilled dish,yakimono,gyoza,kushyaki,motoyaki,okonomiyaki,taroyaki,teriyaki,unagi,yakiniku,yakitori,yakizakana,,,,,,,,,,,,,,,,,,,,,,,,,,,,,,,,,,,,,,,,,,,,,,,,,,,,,,,,,,,,,,,,,,,,,,,,,,,,,,,,,,,,,,,,,,,,,,,,,,,,,,,,,,,,,,,,,,,,,,,,,,,,,,,,,,,,,,,,,,,,,,,,,,,,,,,,,,
Japanese,one pot dish,nabemono,motsunabe,shabu-shabu,sukiyaki,chirinabe,chigenabe,imoni,,,,,,,,,,,,,,,,,,,,,,,,,,,,,,,,,,,,,,,,,,,,,,,,,,,,,,,,,,,,,,,,,,,,,,,,,,,,,,,,,,,,,,,,,,,,,,,,,,,,,,,,,,,,,,,,,,,,,,,,,,,,,,,,,,,,,,,,,,,,,,,,,,,,,,,,,,,,,,
Japanese,Stewed dish,oden,kakuni,nikujaga,nizakana,soki,,,,,,,,,,,,,,,,,,,,,,,,,,,,,,,,,,,,,,,,,,,,,,,,,,,,,,,,,,,,,,,,,,,,,,,,,,,,,,,,,,,,,,,,,,,,,,,,,,,,,,,,,,,,,,,,,,,,,,,,,,,,,,,,,,,,,,,,,,,,,,,,,,,,,,,,,,,,,,,,
Japanese,stir fried dish,chanpuru,kinpira gobo,,,,,,,,,,,,,,,,,,,,,,,,,,,,,,,,,,,,,,,,,,,,,,,,,,,,,,,,,,,,,,,,,,,,,,,,,,,,,,,,,,,,,,,,,,,,,,,,,,,,,,,,,,,,,,,,,,,,,,,,,,,,,,,,,,,,,,,,,,,,,,,,,,,,,,,,,,,,,,,,,,,
Japanese,sashimi,sashimi,fugu,ikizukuri,tataki,basashi,torisashi,rebasashi,,,,,,,,,,,,,,,,,,,,,,,,,,,,,,,,,,,,,,,,,,,,,,,,,,,,,,,,,,,,,,,,,,,,,,,,,,,,,,,,,,,,,,,,,,,,,,,,,,,,,,,,,,,,,,,,,,,,,,,,,,,,,,,,,,,,,,,,,,,,,,,,,,,,,,,,,,,,,,
Japanese,soups,miso,tonjiru,dangojiru,sumashijiru,zoni,,,,,,,,,,,,,,,,,,,,,,,,,,,,,,,,,,,,,,,,,,,,,,,,,,,,,,,,,,,,,,,,,,,,,,,,,,,,,,,,,,,,,,,,,,,,,,,,,,,,,,,,,,,,,,,,,,,,,,,,,,,,,,,,,,,,,,,,,,,,,,,,,,,,,,,,,,,,,,,,
Japanese,Other dish,bento,obento,chwan mushi,edamame,himono,hiyayakko,natto,ohitashi,osechi,chinmi,ankimo,mozuku,okashi,,,,,,,,,,,,,,,,,,,,,,,,,,,,,,,,,,,,,,,,,,,,,,,,,,,,,,,,,,,,,,,,,,,,,,,,,,,,,,,,,,,,,,,,,,,,,,,,,,,,,,,,,,,,,,,,,,,,,,,,,,,,,,,,,,,,,,,,,,,,,,,,,,,,,,,,
Japanese,Sweets,amanatto,dango,higashi,hoshigaki,kakigori,manju,oshiruko,uiro,taiyaki,anpan,melonpan,,,,,,,,,,,,,,,,,,,,,,,,,,,,,,,,,,,,,,,,,,,,,,,,,,,,,,,,,,,,,,,,,,,,,,,,,,,,,,,,,,,,,,,,,,,,,,,,,,,,,,,,,,,,,,,,,,,,,,,,,,,,,,,,,,,,,,,,,,,,,,,,,,,,,,,,,,
Japanese,snacks,azuki ice,umai bo,pocky,,,,,,,,,,,,,,,,,,,,,,,,,,,,,,,,,,,,,,,,,,,,,,,,,,,,,,,,,,,,,,,,,,,,,,,,,,,,,,,,,,,,,,,,,,,,,,,,,,,,,,,,,,,,,,,,,,,,,,,,,,,,,,,,,,,,,,,,,,,,,,,,,,,,,,,,,,,,,,,,,,
Japanese,beverage,amazake,genmaicha,gyokuro,hojicha,kombucha,kuzuyu,magicha,sencha,umecha,ramune,yakult,awamori,sake,shochu,umeshu,sapporo,asahi,kirin,,,,,,,,,,,,,,,,,,,,,,,,,,,,,,,,,,,,,,,,,,,,,,,,,,,,,,,,,,,,,,,,,,,,,,,,,,,,,,,,,,,,,,,,,,,,,,,,,,,,,,,,,,,,,,,,,,,,,,,,,,,,,,,,,,,,,,,,,,,,,,,,,,,
Indian,North Indian dish,baingan masala,Aloo baingan,Gobhi Aloo,Aloo Tikki,Aloo Matar,Aloo methi,Aloo shimla mirch,Amriti with Rabdi,Amritsari fish,Amritsari†Kulcha,Arbi masala,Baati,Baigan bharta,Bharwaan baigan,Bharwaan tinde,Bharwein karela,Bhatura,Bhindi Masala,Biryani,Butter Chicken,Chaat,Chana masala,Chapathi,Chicken Razala,Chole bhature,Daal Baati†Churma,Daal Puri,Dal makhani,Dal,Dal†fry with†tadka,Dum Aloo,Poha,French bean aloo,Gajar ka Halwa,Gajar matar aloo,Gobhi matar,Green pees daal,Jeera aloo,Kachori,Kadai†paneer,Kadhi†Pakoda,Karela Bharta,petha,Kheer,Khichdi,Kofta,Kulfi†falooda,kofte,Lauki,Sarson,Mathura ke pede,"Methi†Saag, Chaulai Saab",roti,Mixed vegetable,Moong dal ka halwa,Mushroom do pyaza,Mushroom matar,Naan,korma,Palak Daal,Paneer,Paneer butter masala,Paneer Tikka Masala,Pani Puri,Panjeeri,Paratha,Pattor,Phirni,Pindi chana,Pinni,Rajma Chaval,Rajma,Ramatori subji,Rongi,Samosa,Samose,Sattu ki Roti,Shahi paneer,Shahi tukra,Singhada Halwa,Sooji†Halwa,Sweet Pethas/ kesar petha/ pista petha,Jalfrezi,lassi,aloo,Nan,laddu,kurma,chole,chola,kebab,pulao,hyderabad,lucknow,afghani,gobhi,matar,rumali,raita,gosht,chana,kashmiri,murgh,biryani,rogan,chapati,shahi,goa,kheema,bhoona,jalfrazi,kadhi,bhindi,thali,bhaji,karahi,mughlai,banjara,pakoda,halal,gobi,gobhi,keema,,,,,,,,,,,,,,,,,,,,,,,,,,,,,,,,,,,,,,,,,,
Indian,South Indian dish,appam,Avial,Bajji,Biryani,Bisi Bele Bath,Bonda,Chicken 65,Currivepillai sadam,Dosa,Double ka meetha,Goli bajje,Idiappam,Idli,Indian omelette,Kaara Kozhambu,Keerai kootu,Keerai masiyal,Keerai sadam,Koottu,Kos kootu,Kothamali sadam,Kuzhakkattai,Kuzhambu,Masala Dosa,Parotta,Paruppu sadam,Payasam,Pongal,Poriyal,Puli sadam,Puttu,Kanji,Sakkara pongal,Sambar,Sevai,Sevai†lunch,Thayir sadam,Thengai sadam,Uttapam,Vada,Varuval,"Yelumincham sadam, Chitranna",Keerai†poriyal,Upma,Koshambri,Obbattu,Ennai Kathirikkai,Ragi,Pesarattu,dosa,chettinad,rava,,,,,,,,,,,,,,,,,,,,,,,,,,,,,,,,,,,,,,,,,,,,,,,,,,,,,,,,,,,,,,,,,,,,,,,,,,,,,,,,,,,,,,,,,,,,,,,,,,,,,,,,,,,,,,,,,
Indian,West indian dish,Amti,Bajri no rotlo,Barfi,Basundi,Bhakri,Bombil fry,Chaat,Chakli,Chivda,Cholafali,Chorafali,Copra,Dhokla,Dahi vada,Dhokla,Doodhpak,Halwa,Dum aaloo,Pohe,Gajar Halwa,Gatta curry,Ghari,Ghooghra,Gud papdi (Gol papdi),Gulab Jamun,Halvasan,Handwo,Gur,Jalebi,Juvar no rotlo,Kansar,Keri no ras,Khakhra,Khandvi,Kombdi vade,Koshimbir,Laapsi,Laddu,Locha,Malpua,Methi na Gota,Modak,Mohanthal www.kandoisweets.com,Muthiya,Panipuri,Patra,Pav Bhaji,Penda,Pooran-poli,Puri,Ghevar,Rasya Muthia,Khichadi,Sev Khamani,Sev Tameta,Shakarpara,Shankarpali,Shiro,Shrikhand,Sohan papdi,Soonvali,Sukhdi,Sutarfeni,Thalipeeth,Undhiyu,Upmaa,Vada pav,Kolhapuri,Vindaloo,Ghebar,Kachori,Magas,Chaas,,,,,,,,,,,,,,,,,,,,,,,,,,,,,,,,,,,,,,,,,,,,,,,,,,,,,,,,,,,,,,,,,,,,,,,,,,,,,,,,,,,,,,,,,,,,
Indian,East Indian dish,Ceera Doi,Dhup Pitha,Gheela Pitha,Hurum,Khar,Kumol Sawul,Loskora,Lusi,Malpua,Momo,Muri Laru,Pani Tenga,Sunga Pitha,Alu Pitika,Masor tenga,Bengena Pitika,Bilahi Maas,Black rice,Bora Sawul,Brown Rice,Chhenagaja,Chhenapoda,Chingri Machher Malai-Curry,Dal,Goja,Hando Guri,Haq Maas,Horioh Maas,Ilish†or Chingri Bhape,Kharoli,Khorisa,[Koldil Chicken,Koldil Duck,Konir Dom,Lai Haq Maas,Litti,Maasor Tenga,Machher Jhol,Masor Koni,Masor Petu,Mishti Chholar Dal,Mishti Doi,Ou tenga Maas,Pakhala,Bhaji,Pani Pitha,Pantua,Payokh,Peda,Prawn malai curry,Red Rice,Rosgulla,Sabzi†(curry),Shondesh,Shukto,Sunga Pork,Tenga Doi,Til Pitha,,,,,,,,,,,,,,,,,,,,,,,,,,,,,,,,,,,,,,,,,,,,,,,,,,,,,,,,,,,,,,,,,,,,,,,,,,,,,,,,,,,,,,,,,,,,,,,,,,,,,,,,,,,
American,American dish,cookie,Apple butter,Apple sauce,Bacon,Baked potato,Barbecue,Bear claw (pastry),Beef Manhattan,Blue cheese dressing,Blue-plate special,Bookbinder Soup,Brunswick stew,Buffalo burger,Buffalo wing,Bull roast,Burnt ends,bbq,Butter cookie,Cajun cuisine,bacon,Carolina style,Celery Victor,Cheese dog,Cheese fries,Chicken King,Chicken and waffles,Chicken Divan,Chicken fingers,Chicken French,bacon,Chicken nugget,Chili con carne,Chili dog,Choco Pie,Chowder,Chimichanga,City chicken,Clam cake,Clam chowder,Coleslaw,Cordon bleu (dish),Corn chowder,Corn dog,Corn flakes,Corn relish,Corned beef,Cornish game hen,Cowboy beans,Crab cake,Creamed corn,Creamed eggs on toast,Deviled crab,Deviled egg,Domesticated turkey,Doughnut,Drunken chicken,Eggo,Eggs Benedict,Eggs Neptune,Energy bar,Engastration†(ie:†Turducken),Fajita,Fish and chips,Fortune cookie,Fried chicken,Fried fish,Fry sauce,Frybread,Garden salad,Goulash,Greek American cuisine,Green bean casserole,Grits,Hamburger,Hangtown fry,Haystack (food),Hog fry,Home fries,Hot chicken,Ice cream cake,International Bar-B-Q Festival,Italian American cuisine,Italian dressing,Jell-O,Jerky,Juba (food),Liver and onions,Lobster roll,Lobster Newberg,London broil,Lorna Doone (cookie),Macaroni and cheese,Macaroni salad,Maple bacon donut,Maraca pie,Mashed potato,Mashed pumpkin,Meatcake,Meatloaf,Milk toast,Mozzarella sticks,Muffuletta,Mulligan stew (food),Onion ring,Oreo,Oysters Rockefeller,Pancakes,Pasta salad,Pastrami,Patty,Peanut butter,Pepperoni,Pickled cucumber,Pigs,muffin,Pizza strips,Ploye,Pop Tart,Popover,Poppyseed muffin,Pork and beans,Potato salad,Potato skins,Potato wedges,Potatoes O'Brien,Protein bar,Pulled pork,Pumpkin pie,Rabbit pie,Ranch dressing,Reuben sandwich,Ribs,Rolled oyster,Russian dressing,Russian tea cake,Salisbury steak,Sandwich,Sausage gravy,Scampi,Scrapple,Seafood cocktail,Senate bean soup,Slinger,Sloppy joe,Smelt,Sonofabitch stew,Soul food,Sour cream,Spanish rice,Squab,Steamed clams,Stuffed ham,Stuffed peppers,Stuffed zucchini,Surf and turf,Swiss steak,Taco,Tetrazzini,Thousand Island dressing,Toaster Strudel,Tomato compote,Tuna casserole,Turducken,Vichyssoise,Waffle
American,Sausage,Andouille,Bologna sausage,Breakfast sausage,Chorizo,Chaudin,Goetta,Half-smoke,Hot dog,Italian hot dog,Kielbasa,Lebanon bologna,Maxwell Street Polish,Polish Boy,Salami,Vienna sausage,sausage,,,,,,,,,,,,,,,,,,,,,,,,,,,,,,,,,,,,,,,,,,,,,,,,,,,,,,,,,,,,,,,,,,,,,,,,,,,,,,,,,,,,,,,,,,,,,,,,,,,,,,,,,,,,,,,,,,,,,,,,,,,,,,,,,,,,,,,,,,,,,,,,,,,,,
American,Sandwich,Arch Deluxe,"Bacon, egg and cheese sandwich",Beef on weck,Big Mac,Big N' Tasty,BLT,Bologna sandwich,Bonus Jack,Breakfast sandwich,Cheese dream,Cheese sandwich,Cheeseburger,Cheesesteak,Chicken sandwich,Chow mein sandwich,Ciabatta Bacon Cheeseburger,Club sandwich,Coney Island hot dog,Croissan'wich,Cuban sandwich,Dagwood sandwich,Denver sandwich,Double Down (sandwich),Enormous Omelet Sandwich,Fat sandwich,Filet-O-Fish,Fluffernutter,Fool's Gold Loaf,French dip,Fried-brain sandwich,Gerber sandwich,Ham and cheese sandwich,Hamburger,History of the hamburger,Hamdog,Horseshoe sandwich,Hot Brown,Hot dog,Italian beef,Jucy Lucy,Limburger sandwich,Lobster roll,Luther Burger,Manwich,Maxwell Street Polish,McChicken,McGriddles,McMuffin,McRib,Melt sandwich,Monte Cristo sandwich,Muffuletta,Patty melt,Peanut butter and jelly sandwich,"Peanut butter, banana and bacon sandwich",Pilgrim (sandwich),Po' boy,Polish Boy,Pork tenderloin sandwich,Quarter Pounder,Reuben sandwich,Rice burger,Runza,Sandwich,Sandwich wrap,Sausage sandwich,Sealed crustless sandwich,Sloppy joe,St. Paul sandwich,Steak sandwich,Submarine sandwich,Tavern sandwich,Tuna fish sandwich,Turkey Devonshire,Veggie burger,Whopper,Hot Chicken sandwich,Chicken sandwich,sandwich,,,,,,,,,,,,,,,,,,,,,,,,,,,,,,,,,,,,,,,,,,,,,,,,,,,,,,,,,,,,,,,,,,,,,,,,,,,,,,,,,,,,,,
American,Ham burger,50 burger,Angus burger,Australasian hamburgers,Banquet burger,Barbecue burger,B√∏fsandwich[6],Butter burger,Buffalo burger,California burger,Carolina burger,Cheeseburger,Chili burger,Curry burger,Hamdog,Hawaii burger,Jucy Lucy,Luther Burger,Naan burger,Patty melt,Rice burger,Salmon burger,Slider,Slopper,Slugburger,Steak burger,Teriyaki burger,Veggie burger,ham burger,,,,,,,,,,,,,,,,,,,,,,,,,,,,,,,,,,,,,,,,,,,,,,,,,,,,,,,,,,,,,,,,,,,,,,,,,,,,,,,,,,,,,,,,,,,,,,,,,,,,,,,,,,,,,,,,,,,,,,,,,,,,,,,,,,,,,,,,,
American,Steak dish,Beef Manhattan,Beef Wellington,Boiled beef,Bulgogi,Carpetbag steak,Carne asada,Chateaubriand steak,Cheesesteak,Chicken fried steak,Bollito Misto,Delmonico steak,Fajita,Finger steaks,Hamburg steak,London broil,Mongolian beef,Pepper steak,Pot roast,"Prawn cocktail, steak and Black Forest gateau",Roast beef,Italian beef,Salisbury steak,Sha cha beef,Standing rib roast,Steak and eggs,Steak and kidney pie,Steak and kidney pudding,Steak and oyster pie,Steak au poivre,Steak burger,Steak de Burgo,Steak Diane,Steak frites,Steak sandwich,Steak tartare,Suadero,Surf and turf,Swiss steak,Pork chop,pork chop bun,Chicken fried steak,steak,veal,,,,,,,,,,,,,,,,,,,,,,,,,,,,,,,,,,,,,,,,,,,,,,,,,,,,,,,,,,,,,,,,,,,,,,,,,,,,,,,,,,,,,,,,,,,,,,,,,,,,,,,,,,,,,,,,,,,,,,,,,,
Italian,Antipasti,Bruschetta,Bresaola,Crostini,Capicollo,Culatello,Insalata caprese,Insalata russa,Nervetti,Olives,Peperoni†imbottiti,Prosciutto†e melone (prosciutto and melon),Pizzette†e†salatini,Salami,Strolghino,Tortano,Verdure in†pinzimonio,Vezione verro,Breadsticks,,,,,,,,,,,,,,,,,,,,,,,,,,,,,,,,,,,,,,,,,,,,,,,,,,,,,,,,,,,,,,,,,,,,,,,,,,,,,,,,,,,,,,,,,,,,,,,,,,,,,,,,,,,,,,,,,,,,,,,,,,,,,,,,,,,,,,,,,,,,,,,,,,,
Italian,Soup and sauce,Acquacotta,Agghiotta di lumache,Agliata,Agrodolce,Bagna c√†uda,Boreto,Fonduta,Garmugia,Ginestrata,Grine Sauce,Maccu,Sugo al Pomodoro,Minestra di ceci,Minestra di fagioli,Minestra di pasta con pesce,Minestrone,Pasta e fagioli,Pesto,,,,,,,,,,,,,,,,,,,,,,,,,,,,,,,,,,,,,,,,,,,,,,,,,,,,,,,,,,,,,,,,,,,,,,,,,,,,,,,,,,,,,,,,,,,,,,,,,,,,,,,,,,,,,,,,,,,,,,,,,,,,,,,,,,,,,,,,,,,,,,,,,,,
Italian,breads,Pane,bari,biga,Buccellato,Casatiello,Ciabatta,Ciaccino,Crocch,Crescentina,Farinata,Ficattola,Focaccia,Fragguno,Moddizzosu,Muffuletta,Neccio,Pandoro,Panettone,Panino,Penia,Piadina,Pita,Rosetta,Schiacciata,Taralli,Testarolo,Tigella,Tortano,,,,,,,,,,,,,,,,,,,,,,,,,,,,,,,,,,,,,,,,,,,,,,,,,,,,,,,,,,,,,,,,,,,,,,,,,,,,,,,,,,,,,,,,,,,,,,,,,,,,,,,,,,,,,,,,,,,,,,,,,,,,,,,,,,,,,,,,,
Italian,Pizza,Pizza,calzone,focaccia,marinara,margherita,napoletana,siciliana,romana,pugliese,capricciosa,quattro stagioni,formaggi,,,,,,,,,,,,,,,,,,,,,,,,,,,,,,,,,,,,,,,,,,,,,,,,,,,,,,,,,,,,,,,,,,,,,,,,,,,,,,,,,,,,,,,,,,,,,,,,,,,,,,,,,,,,,,,,,,,,,,,,,,,,,,,,,,,,,,,,,,,,,,,,,,,,,,,,,
Italian,Pasta,pasta,carbonara,fettucine,linguini,penne,arrabiata,pansotti,spaghetti,tortelloni,tortellini,lasagne,ziti,ravioli,agnolotti,bavette,bigoli,bucatini,cannelloni,crespelle,cappellini,conchiglie,ditalini,eliche,farfalle,festoni,fusilli,garganelli,gnocchi,lasagna,linguine,macaroni,maccheroni,maltagliate,orzo,stelline,tacconi,tagliarini,tortellini,trottole,trofie,vermicilli,rigatoni,,,,,,,,,,,,,,,,,,,,,,,,,,,,,,,,,,,,,,,,,,,,,,,,,,,,,,,,,,,,,,,,,,,,,,,,,,,,,,,,,,,,,,,,,,,,,,,,,,,,,,,,,,,,,,,,,,,,,,,,,,,
Italian,Rice dish,Arancini,Insalata di riso,Pomodori col riso,Riso tonnato,Riso valdostano,Risotto,Riso,sformato,,,,,,,,,,,,,,,,,,,,,,,,,,,,,,,,,,,,,,,,,,,,,,,,,,,,,,,,,,,,,,,,,,,,,,,,,,,,,,,,,,,,,,,,,,,,,,,,,,,,,,,,,,,,,,,,,,,,,,,,,,,,,,,,,,,,,,,,,,,,,,,,,,,,,,,,,,,,,
Italian,Fish dish,bacaala,Seppioline in umido,Missultin e polenta,Fritata di bianchetti,Fritto misto di pesce,Orate al forno,Acciughe fritte in pastella,Acciughe in carpione,Acquadella o latterino fritto,filetti,Pesce,Sarde,sardele,scampi,seppie,spiedini,buridda,tortiera,,,,,,,,,,,,,,,,,,,,,,,,,,,,,,,,,,,,,,,,,,,,,,,,,,,,,,,,,,,,,,,,,,,,,,,,,,,,,,,,,,,,,,,,,,,,,,,,,,,,,,,,,,,,,,,,,,,,,,,,,,,,,,,,,,,,,,,,,,,,,,,,,,,
Italian,Meat dish,Prosciutto,salame,vitello,goulash,gulash,guanciale,capicollo,bresaola,pancetta,oca,mortadella,porcaloca,culatello,lonza,carne,,,,,,,,,,,,,,,,,,,,,,,,,,,,,,,,,,,,,,,,,,,,,,,,,,,,,,,,,,,,,,,,,,,,,,,,,,,,,,,,,,,,,,,,,,,,,,,,,,,,,,,,,,,,,,,,,,,,,,,,,,,,,,,,,,,,,,,,,,,,,,,,,,,,,,
Italian,vegetable dish,caponata,crauti,peperonata,pinzimonio,pestat,,,,,,,,,,,,,,,,,,,,,,,,,,,,,,,,,,,,,,,,,,,,,,,,,,,,,,,,,,,,,,,,,,,,,,,,,,,,,,,,,,,,,,,,,,,,,,,,,,,,,,,,,,,,,,,,,,,,,,,,,,,,,,,,,,,,,,,,,,,,,,,,,,,,,,,,,,,,,,,,
Italian,Dessert,Anisette,Biscotti,Biscuit Tortoni,Cannolo siciliano,Cassata siciliana,Chiacchiere†(angel wings),Ciarduna,Crostata,Crocetta of Caltanissetta,Profiterole,Zuppa Inglese,Crostoli,Dobos of Trieste,Frutti,Frutti di bosco,Gelato,Gubana,Macedonia,Panna cotta,Pandoro,Panettone,Panforte,Pastiera,Piccoli Frutti,Pignolata,Pizzelle,Presnitz,Putizza and Pinza,Semifreddo,Sfogliatelle,Tiramis√π,Torta caprese,Strucchi,strudel,struffoli,,,,,,,,,,,,,,,,,,,,,,,,,,,,,,,,,,,,,,,,,,,,,,,,,,,,,,,,,,,,,,,,,,,,,,,,,,,,,,,,,,,,,,,,,,,,,,,,,,,,,,,,,,,,,,,,,,,,,,,,,,,,,,,,,,
Mexican,Main course,alambre,albondigas,barbacoa,birria,bistec picado,carbrito,caldo,carne asada,carne guisada,carnitas,cecina,cemitas,chalupa,charales,chiccharone,chiltomate,chilorio,choriqueso,chorizo,churipo,coachala,cocido,codzito,corunda,empanadas,flautas,Gorditas,Glorias,gringas,huarachas,huevos,lengua,longaniza,machaca,memela,menudo,mole,parilladas,pollo,quesadilla,romerito,salbute,sopa,tamale,taco,tortilla,burrito,,,,,,,,,,,,,,,,,,,,,,,,,,,,,,,,,,,,,,,,,,,,,,,,,,,,,,,,,,,,,,,,,,,,,,,,,,,,,,,,,,,,,,,,,,,,,,,,,,,,,,,,,,,,,,,,,,,,,,
Mexican,Snacks,arroz,bolillos,calabaza,camote,ceviche,chapuline,consomme,curtido,elote,ensalada,fideos,frijole,guacamole,jicama,nacho,nopalito,papas,salsa,queso,,,,,,,,,,,,,,,,,,,,,,,,,,,,,,,,,,,,,,,,,,,,,,,,,,,,,,,,,,,,,,,,,,,,,,,,,,,,,,,,,,,,,,,,,,,,,,,,,,,,,,,,,,,,,,,,,,,,,,,,,,,,,,,,,,,,,,,,,,,,,,,,,,
Mexican,Dessert,bionico,cajeta,capirotada,churro,coyota,empanada,flan,gloria,jarrito,obleas,platano,,,,,,,,,,,,,,,,,,,,,,,,,,,,,,,,,,,,,,,,,,,,,,,,,,,,,,,,,,,,,,,,,,,,,,,,,,,,,,,,,,,,,,,,,,,,,,,,,,,,,,,,,,,,,,,,,,,,,,,,,,,,,,,,,,,,,,,,,,,,,,,,,,,,,,,,,,
Philippine,Main course,Afritada,Asado,Barbecue,Bistek Tagalog,Bopis,Camaron rebosado,Carne norte,pata,tadyang ng baka,Curacha,Daing,Embutido,Escabeche,Picadillo,Halabos na hipon,Endulsao,Hamonado,Inasal na manok,Inihaw na liempo,Kaldereta,Kinunot,Lechon,Lengua estafada,Lumpia,Mechado,Morcon,Paksiw,Pata tim,Pinakbet,Pinangat,Relleno,Sarsiado,Sinanglay,Sisig,Tapa,Torta,,,,,,,,,,,,,,,,,,,,,,,,,,,,,,,,,,,,,,,,,,,,,,,,,,,,,,,,,,,,,,,,,,,,,,,,,,,,,,,,,,,,,,,,,,,,,,,,,,,,,,,,,,,,,,,,,,,,,,,,,,,,,,,,,
Philippine,Soup,Batchoy,Bicol express,Bulalo,Callos,Dinengdeng,Dinuguan,Ginataan,Kare-kare,Mami,Menudo,Nilagang baka,Papaitan,Pares,Pochero,Sinanglaw,Sinigang,Sopas,Tinola,,,,,,,,,,,,,,,,,,,,,,,,,,,,,,,,,,,,,,,,,,,,,,,,,,,,,,,,,,,,,,,,,,,,,,,,,,,,,,,,,,,,,,,,,,,,,,,,,,,,,,,,,,,,,,,,,,,,,,,,,,,,,,,,,,,,,,,,,,,,,,,,,,,
Philippine,Noodle dish,ancit lomi,Misua,luglug,Pancit,guisado,Tuguegarao,Malabon,estacion,palabok,Sotanghon,canton,,,,,,,,,,,,,,,,,,,,,,,,,,,,,,,,,,,,,,,,,,,,,,,,,,,,,,,,,,,,,,,,,,,,,,,,,,,,,,,,,,,,,,,,,,,,,,,,,,,,,,,,,,,,,,,,,,,,,,,,,,,,,,,,,,,,,,,,,,,,,,,,,,,,,,,,,,
Philippine,Rice dish,Arroz Valenciana,Lugaw,Champorado,Paella,Sinangag,Tapsilog,,,,,,,,,,,,,,,,,,,,,,,,,,,,,,,,,,,,,,,,,,,,,,,,,,,,,,,,,,,,,,,,,,,,,,,,,,,,,,,,,,,,,,,,,,,,,,,,,,,,,,,,,,,,,,,,,,,,,,,,,,,,,,,,,,,,,,,,,,,,,,,,,,,,,,,,,,,,,,,
Philippine,Other Filipino dish,Burong mangga,Ensaladang talong,Balut,Binalot,Chicharon,Fishballs,Isaw,Patupat,Pinikpikan,Siomai,Siopao,Tokneneng and Kwek kwek,Tokwa,,,,,,,,,,,,,,,,,,,,,,,,,,,,,,,,,,,,,,,,,,,,,,,,,,,,,,,,,,,,,,,,,,,,,,,,,,,,,,,,,,,,,,,,,,,,,,,,,,,,,,,,,,,,,,,,,,,,,,,,,,,,,,,,,,,,,,,,,,,,,,,,,,,,,,,,
Philippine,Breads,Binangkal,Biskotso,Buko roll,buchi,Pandesal,shakoy,,,,,,,,,,,,,,,,,,,,,,,,,,,,,,,,,,,,,,,,,,,,,,,,,,,,,,,,,,,,,,,,,,,,,,,,,,,,,,,,,,,,,,,,,,,,,,,,,,,,,,,,,,,,,,,,,,,,,,,,,,,,,,,,,,,,,,,,,,,,,,,,,,,,,,,,,,,,,,,
Philippine,Dessert,Apas,Barquillos,Barquiron,Belekoy,Bibingka,Binigit,Biko,Bukayo,Camote,Dodol,Hopia,Kalamay,Kutsinta,Latik,Palitaw,Taho,Turron,,,,,,,,,,,,,,,,,,,,,,,,,,,,,,,,,,,,,,,,,,,,,,,,,,,,,,,,,,,,,,,,,,,,,,,,,,,,,,,,,,,,,,,,,,,,,,,,,,,,,,,,,,,,,,,,,,,,,,,,,,,,,,,,,,,,,,,,,,,,,,,,,,,,
Philippine,Beverage,Basi,Tuba,Lambanog,,,,,,,,,,,,,,,,,,,,,,,,,,,,,,,,,,,,,,,,,,,,,,,,,,,,,,,,,,,,,,,,,,,,,,,,,,,,,,,,,,,,,,,,,,,,,,,,,,,,,,,,,,,,,,,,,,,,,,,,,,,,,,,,,,,,,,,,,,,,,,,,,,,,,,,,,,,,,,,,,,
Indonesian,Main course,Ayam bakar,Ayam goreng,Ayam kalasan,Ayam Taliwang,Bakwan Malang,Mie bakso,Bebek Goreng,Betutu,Bubur Ayam,Cakalang fufu,Empal gentong,gudeg,gulai,Karedok,Ketupat Sayur,Nasi campur,Nasi uduk,Nasi ulam,Oncom,Opor Ayam,Pallubasa,Panggang,Paniki,Papeda,Babi Guling,Rawon,Sayur asem,Sayur lodeh,Semur,Tekwan,Tumpang,Tumpeng,Woku,,,,,,,,,,,,,,,,,,,,,,,,,,,,,,,,,,,,,,,,,,,,,,,,,,,,,,,,,,,,,,,,,,,,,,,,,,,,,,,,,,,,,,,,,,,,,,,,,,,,,,,,,,,,,,,,,,,,,,,,,,,,,,,,,,,,
Indonesian,Snacks,arem arem,bakcang,burasa,cimol,emping,kerak telor,kerupuk,lemper,Mendoan,Otak,Panada,Risoles,Rujak,Pempek,Siomay,Batagor,Tahu,,,,,,,,,,,,,,,,,,,,,,,,,,,,,,,,,,,,,,,,,,,,,,,,,,,,,,,,,,,,,,,,,,,,,,,,,,,,,,,,,,,,,,,,,,,,,,,,,,,,,,,,,,,,,,,,,,,,,,,,,,,,,,,,,,,,,,,,,,,,,,,,,,,,
Indonesian,Dessert,Angsle,Bakpia pathok,Brem,Dodol,Getuk,Klepon,Kue putu,Lupis,Mochi,,,,,,,,,,,,,,,,,,,,,,,,,,,,,,,,,,,,,,,,,,,,,,,,,,,,,,,,,,,,,,,,,,,,,,,,,,,,,,,,,,,,,,,,,,,,,,,,,,,,,,,,,,,,,,,,,,,,,,,,,,,,,,,,,,,,,,,,,,,,,,,,,,,,,,,,,,,,
Argentina,Appetizer,Chipa,Picada,,,,,,,,,,,,,,,,,,,,,,,,,,,,,,,,,,,,,,,,,,,,,,,,,,,,,,,,,,,,,,,,,,,,,,,,,,,,,,,,,,,,,,,,,,,,,,,,,,,,,,,,,,,,,,,,,,,,,,,,,,,,,,,,,,,,,,,,,,,,,,,,,,,,,,,,,,,,,,,,,,,
Argentina,Main course,Asado†,Churrasco,humita,Locro,Matambre,Milanesa,Pascualina,Polenta,Vitel tone,Carbonada,Parallada,,,,,,,,,,,,,,,,,,,,,,,,,,,,,,,,,,,,,,,,,,,,,,,,,,,,,,,,,,,,,,,,,,,,,,,,,,,,,,,,,,,,,,,,,,,,,,,,,,,,,,,,,,,,,,,,,,,,,,,,,,,,,,,,,,,,,,,,,,,,,,,,,,,,,,,,,,
Argentina,Dessert,Alfajores,Ambrosia,Dulce de leche,,,,,,,,,,,,,,,,,,,,,,,,,,,,,,,,,,,,,,,,,,,,,,,,,,,,,,,,,,,,,,,,,,,,,,,,,,,,,,,,,,,,,,,,,,,,,,,,,,,,,,,,,,,,,,,,,,,,,,,,,,,,,,,,,,,,,,,,,,,,,,,,,,,,,,,,,,,,,,,,,,
Brazil,Appetizer,Abara,Aberem,Acaraje,Acaca,Arabu,Arrumadinho,Bauru,Beijinho,Bolinho,Brigadeiro,Broa,Cabidela,Catupiry,Coxinha,Farofa,Pacoca,Pamonha,Quibebe,Rabanada,Rissole,Tapoica,Tareco,Torresmo,Marinho,Brote,Cartola,Cocorote,Encapotado,Folhado,Joelho,Mariola,Mexido,Soba,Sorda,,,,,,,,,,,,,,,,,,,,,,,,,,,,,,,,,,,,,,,,,,,,,,,,,,,,,,,,,,,,,,,,,,,,,,,,,,,,,,,,,,,,,,,,,,,,,,,,,,,,,,,,,,,,,,,,,,,,,,,,,,,,,,,,,,,
Brazil,Side dish,Angu,,,,,,,,,,,,,,,,,,,,,,,,,,,,,,,,,,,,,,,,,,,,,,,,,,,,,,,,,,,,,,,,,,,,,,,,,,,,,,,,,,,,,,,,,,,,,,,,,,,,,,,,,,,,,,,,,,,,,,,,,,,,,,,,,,,,,,,,,,,,,,,,,,,,,,,,,,,,,,,,,,,,
Brazil,Main course,Bobo de camarao,Caldeirada,caruru,churrasco,arroz de coco,cuscuz,Feijoada,Galinhada,Manicoba,Mocoto,Moqueca,Arroz,Piracui,Tacaca,Tucupi,Vatapa,Afogado,Barreado,caribeu,carneiro no buraco,Fuba suado,Gembe,Lele,Mojica,Mujeca,Panelada,Paxica,Picado,Pirao,Quarenta,Rabada,Sururu,tutoo,Xinxim,,,,,,,,,,,,,,,,,,,,,,,,,,,,,,,,,,,,,,,,,,,,,,,,,,,,,,,,,,,,,,,,,,,,,,,,,,,,,,,,,,,,,,,,,,,,,,,,,,,,,,,,,,,,,,,,,,,,,,,,,,,,,,,,,,,
Brazil,Beverage,Cachaca,Caipirinha,,,,,,,,,,,,,,,,,,,,,,,,,,,,,,,,,,,,,,,,,,,,,,,,,,,,,,,,,,,,,,,,,,,,,,,,,,,,,,,,,,,,,,,,,,,,,,,,,,,,,,,,,,,,,,,,,,,,,,,,,,,,,,,,,,,,,,,,,,,,,,,,,,,,,,,,,,,,,,,,,,,
Brazil,Dessert,Beijinho,Bijajica,Biriba,Biroro,Bombocado,Brigadeiro,Bruaca,Cacuanga,Canjica,cavaca,chuvisco,cocada,curau,cupulate,cartola,furundum,Goiabada,Maria-mole,Pacoca,Quindim,tortei,Ximango,Umbuzada,,,,,,,,,,,,,,,,,,,,,,,,,,,,,,,,,,,,,,,,,,,,,,,,,,,,,,,,,,,,,,,,,,,,,,,,,,,,,,,,,,,,,,,,,,,,,,,,,,,,,,,,,,,,,,,,,,,,,,,,,,,,,,,,,,,,,,,,,,,,,,
Chile,Main course,Asado,Guatitas,Chairo,Charqui,Calapurca,erizos,caldillo,picante,cazuela,estofado de condero,ensalada chilena nortina,sango,palta reina,humitas,porotos granados,pantrucas,charquican,jaibas rellenas,tomatican,brochetas,pan amasado,leche asada,Merken,Araucana,Chupe de locos,cancato,chilota,chapalele,pulmay,curanto,milcao,chochoca,valdiviano,crudos,carne mechada,arrollado de malaya,cordero al palo,conejo,criadillas,guatitas,panitas,ubres asadas,queso de cabeza,ajiaco,charquican,guiso de acelga,caldillo de congrio,jurel,camaron,centolla,jaiba,Mariscal,Piures,,,,,,,,,,,,,,,,,,,,,,,,,,,,,,,,,,,,,,,,,,,,,,,,,,,,,,,,,,,,,,,,,,,,,,,,,,,,,,,,,,,,,,,,,,,,,,,,,,,,,,,,,,,,,,,,
Chile,Dessert,Empanadas,brazo de reina,kuchen,sopaipillas,Poe,,,,,,,,,,,,,,,,,,,,,,,,,,,,,,,,,,,,,,,,,,,,,,,,,,,,,,,,,,,,,,,,,,,,,,,,,,,,,,,,,,,,,,,,,,,,,,,,,,,,,,,,,,,,,,,,,,,,,,,,,,,,,,,,,,,,,,,,,,,,,,,,,,,,,,,,,,,,,,,,
Chile,Beverage,Borgona,Chicha,Aguardiente,Murtado,Jote,Melon con vino,Navegado,Piscola,terremoto,pajarete,Vaina Chilena,Ulpo,Lucuma,Platano,huesillo,,,,,,,,,,,,,,,,,,,,,,,,,,,,,,,,,,,,,,,,,,,,,,,,,,,,,,,,,,,,,,,,,,,,,,,,,,,,,,,,,,,,,,,,,,,,,,,,,,,,,,,,,,,,,,,,,,,,,,,,,,,,,,,,,,,,,,,,,,,,,,,,,,,,,,
Chile,Snacks,Barros Jarpa,Barros Luco,Churassco,chacarero,choripan,completo,,,,,,,,,,,,,,,,,,,,,,,,,,,,,,,,,,,,,,,,,,,,,,,,,,,,,,,,,,,,,,,,,,,,,,,,,,,,,,,,,,,,,,,,,,,,,,,,,,,,,,,,,,,,,,,,,,,,,,,,,,,,,,,,,,,,,,,,,,,,,,,,,,,,,,,,,,,,,,,
Chile,Breads,Marraqueta,Hallulla,Pan amasado,Pan de huevo,Coliza,,,,,,,,,,,,,,,,,,,,,,,,,,,,,,,,,,,,,,,,,,,,,,,,,,,,,,,,,,,,,,,,,,,,,,,,,,,,,,,,,,,,,,,,,,,,,,,,,,,,,,,,,,,,,,,,,,,,,,,,,,,,,,,,,,,,,,,,,,,,,,,,,,,,,,,,,,,,,,,,
Chile,Sauces,Pebre,Chancho en piedra,salsa verde,,,,,,,,,,,,,,,,,,,,,,,,,,,,,,,,,,,,,,,,,,,,,,,,,,,,,,,,,,,,,,,,,,,,,,,,,,,,,,,,,,,,,,,,,,,,,,,,,,,,,,,,,,,,,,,,,,,,,,,,,,,,,,,,,,,,,,,,,,,,,,,,,,,,,,,,,,,,,,,,,,
Chile,Desserts,queque,Pasteles,tartaletas,Picarones,Cuchufli,barquilo,berlines,kuchen,,,,,,,,,,,,,,,,,,,,,,,,,,,,,,,,,,,,,,,,,,,,,,,,,,,,,,,,,,,,,,,,,,,,,,,,,,,,,,,,,,,,,,,,,,,,,,,,,,,,,,,,,,,,,,,,,,,,,,,,,,,,,,,,,,,,,,,,,,,,,,,,,,,,,,,,,,,,,
Colombia,Appetizer,Aborrajado,hormigas culonas,santandereanas,butifarras soledenas,carimanola,chunchullo,hogao,suero,tostones,,,,,,,,,,,,,,,,,,,,,,,,,,,,,,,,,,,,,,,,,,,,,,,,,,,,,,,,,,,,,,,,,,,,,,,,,,,,,,,,,,,,,,,,,,,,,,,,,,,,,,,,,,,,,,,,,,,,,,,,,,,,,,,,,,,,,,,,,,,,,,,,,,,,,,,,,,,,
Colombia,Breads,Arepa,Bollos,Achira,Carimanolas,Pan de sagu,Pan de maiz,Roscon,,,,,,,,,,,,,,,,,,,,,,,,,,,,,,,,,,,,,,,,,,,,,,,,,,,,,,,,,,,,,,,,,,,,,,,,,,,,,,,,,,,,,,,,,,,,,,,,,,,,,,,,,,,,,,,,,,,,,,,,,,,,,,,,,,,,,,,,,,,,,,,,,,,,,,,,,,,,,,
Colombia,Main course,Ajiaco,Asado bogotano,Bandeja Paisa,Changua,Cuchuco,Lechona,Mondongo,Sancocho,Tamale,,,,,,,,,,,,,,,,,,,,,,,,,,,,,,,,,,,,,,,,,,,,,,,,,,,,,,,,,,,,,,,,,,,,,,,,,,,,,,,,,,,,,,,,,,,,,,,,,,,,,,,,,,,,,,,,,,,,,,,,,,,,,,,,,,,,,,,,,,,,,,,,,,,,,,,,,,,,
Colombia,Soup,Changua,Caldo de costilla,,,,,,,,,,,,,,,,,,,,,,,,,,,,,,,,,,,,,,,,,,,,,,,,,,,,,,,,,,,,,,,,,,,,,,,,,,,,,,,,,,,,,,,,,,,,,,,,,,,,,,,,,,,,,,,,,,,,,,,,,,,,,,,,,,,,,,,,,,,,,,,,,,,,,,,,,,,,,,,,,,,
Colombia,Dessert,Arequipe,brevas en dulce,cocadas,crepe,enyucado,Helado,Manjar blanco,Mazamorra,Melado,Merenguitos,Milhoja,Natilla,Oblea,Postre de natas,torta maria luisa,,,,,,,,,,,,,,,,,,,,,,,,,,,,,,,,,,,,,,,,,,,,,,,,,,,,,,,,,,,,,,,,,,,,,,,,,,,,,,,,,,,,,,,,,,,,,,,,,,,,,,,,,,,,,,,,,,,,,,,,,,,,,,,,,,,,,,,,,,,,,,,,,,,,,,
Colombia,Beverage,Aguapanela,Champus,chicha,guandiole,lulada,malta,Postobon,Refajo,Salpicon,Aguardiente,Biche,canelazo,guarapo,masato,sabajon,,,,,,,,,,,,,,,,,,,,,,,,,,,,,,,,,,,,,,,,,,,,,,,,,,,,,,,,,,,,,,,,,,,,,,,,,,,,,,,,,,,,,,,,,,,,,,,,,,,,,,,,,,,,,,,,,,,,,,,,,,,,,,,,,,,,,,,,,,,,,,,,,,,,,,
Peru,Main course,Adobo,gallina,langostinos,Anticuchos,Apanado de alpaca,asado,cecina,chairo,charqui,chicharron,Enrollado,Escribano,Huatia,Inchicapi,Inchicucho,Jalea,Juane,Kapchi,Lomo saltado,Mondongo,Morusa,Natilla,Pachamanca,Patachi,Puchero,Pusra,Qapchi,Tamale,Timbuche,,,,,,,,,,,,,,,,,,,,,,,,,,,,,,,,,,,,,,,,,,,,,,,,,,,,,,,,,,,,,,,,,,,,,,,,,,,,,,,,,,,,,,,,,,,,,,,,,,,,,,,,,,,,,,,,,,,,,,,,,,,,,,,,,,,,,,,,
Peru,Dessert,Antecoco,Antepapaya,Champanas,Cocadas,Leche Asada,Masapane,Picarone,Prestino,Sanguito,Voladore,Picorone,,,,,,,,,,,,,,,,,,,,,,,,,,,,,,,,,,,,,,,,,,,,,,,,,,,,,,,,,,,,,,,,,,,,,,,,,,,,,,,,,,,,,,,,,,,,,,,,,,,,,,,,,,,,,,,,,,,,,,,,,,,,,,,,,,,,,,,,,,,,,,,,,,,,,,,,,,
Peru,Beverage,Aguajina,Cachina,Caliche,Chapo,Chicha de mani,Huarapo,Huitochado,Masato,Ponche,Shibe,Coconachado,chuchuhuasi,,,,,,,,,,,,,,,,,,,,,,,,,,,,,,,,,,,,,,,,,,,,,,,,,,,,,,,,,,,,,,,,,,,,,,,,,,,,,,,,,,,,,,,,,,,,,,,,,,,,,,,,,,,,,,,,,,,,,,,,,,,,,,,,,,,,,,,,,,,,,,,,,,,,,,,,,
Morocco,Main course,Baghrir,Briouat,Boulfaf,Burek,Couscous,Ferakh Maamer,Kwah,Kemia,Mrouzia,Merguez,Rfisa,Tajine,,,,,,,,,,,,,,,,,,,,,,,,,,,,,,,,,,,,,,,,,,,,,,,,,,,,,,,,,,,,,,,,,,,,,,,,,,,,,,,,,,,,,,,,,,,,,,,,,,,,,,,,,,,,,,,,,,,,,,,,,,,,,,,,,,,,,,,,,,,,,,,,,,,,,,,,,
Morocco,Starter,Moroccan cigar,Milina,Mqualli,Pastilla,Tanjia,Harira,,,,,,,,,,,,,,,,,,,,,,,,,,,,,,,,,,,,,,,,,,,,,,,,,,,,,,,,,,,,,,,,,,,,,,,,,,,,,,,,,,,,,,,,,,,,,,,,,,,,,,,,,,,,,,,,,,,,,,,,,,,,,,,,,,,,,,,,,,,,,,,,,,,,,,,,,,,,,,,
Morocco,Salad,Chakchuka,Lhzina,zaalouk,,,,,,,,,,,,,,,,,,,,,,,,,,,,,,,,,,,,,,,,,,,,,,,,,,,,,,,,,,,,,,,,,,,,,,,,,,,,,,,,,,,,,,,,,,,,,,,,,,,,,,,,,,,,,,,,,,,,,,,,,,,,,,,,,,,,,,,,,,,,,,,,,,,,,,,,,,,,,,,,,,
Morocco,Dessert,Baklava,Faqqas,Ghoriba,Keneffa,Chebakia,Seffa,Sellu,Sfenj,,,,,,,,,,,,,,,,,,,,,,,,,,,,,,,,,,,,,,,,,,,,,,,,,,,,,,,,,,,,,,,,,,,,,,,,,,,,,,,,,,,,,,,,,,,,,,,,,,,,,,,,,,,,,,,,,,,,,,,,,,,,,,,,,,,,,,,,,,,,,,,,,,,,,,,,,,,,,
Jordan,Main dish,Athan al shayeb,Bamya,Burghul,Fasoulya,Fatteh,Freekeh,Maftul,Malfuf,Mansaf,Maqluba,Mujaddara,Bagdonsyyeh,Falafel,Hummus,maddamis,Kubbeh,Makdous,Manaqish,Sambusak,Managish,,,,,,,,,,,,,,,,,,,,,,,,,,,,,,,,,,,,,,,,,,,,,,,,,,,,,,,,,,,,,,,,,,,,,,,,,,,,,,,,,,,,,,,,,,,,,,,,,,,,,,,,,,,,,,,,,,,,,,,,,,,,,,,,,,,,,,,,,,,,,,,,,
Jordan,Salad,Ghanoush,Fattoush,Tabouleh,,,,,,,,,,,,,,,,,,,,,,,,,,,,,,,,,,,,,,,,,,,,,,,,,,,,,,,,,,,,,,,,,,,,,,,,,,,,,,,,,,,,,,,,,,,,,,,,,,,,,,,,,,,,,,,,,,,,,,,,,,,,,,,,,,,,,,,,,,,,,,,,,,,,,,,,,,,,,,,,,,
Jordan,Beverage,Sus,Qamar eddine,Sahlab,shaneeneh,,,,,,,,,,,,,,,,,,,,,,,,,,,,,,,,,,,,,,,,,,,,,,,,,,,,,,,,,,,,,,,,,,,,,,,,,,,,,,,,,,,,,,,,,,,,,,,,,,,,,,,,,,,,,,,,,,,,,,,,,,,,,,,,,,,,,,,,,,,,,,,,,,,,,,,,,,,,,,,,,
Qatar,Main course,Burghul pilaf,Baba ghanoush,Tabbouleh salad,Machbous,Waraq enab,ghuzi,kabsa,balaleet,,,,,,,,,,,,,,,,,,,,,,,,,,,,,,,,,,,,,,,,,,,,,,,,,,,,,,,,,,,,,,,,,,,,,,,,,,,,,,,,,,,,,,,,,,,,,,,,,,,,,,,,,,,,,,,,,,,,,,,,,,,,,,,,,,,,,,,,,,,,,,,,,,,,,,,,,,,,,
Qatar,Beverage,Qahwa,leben,,,,,,,,,,,,,,,,,,,,,,,,,,,,,,,,,,,,,,,,,,,,,,,,,,,,,,,,,,,,,,,,,,,,,,,,,,,,,,,,,,,,,,,,,,,,,,,,,,,,,,,,,,,,,,,,,,,,,,,,,,,,,,,,,,,,,,,,,,,,,,,,,,,,,,,,,,,,,,,,,,,
Qatar,Dessert,Om ali,Mehalabiya,esh asaraya,,,,,,,,,,,,,,,,,,,,,,,,,,,,,,,,,,,,,,,,,,,,,,,,,,,,,,,,,,,,,,,,,,,,,,,,,,,,,,,,,,,,,,,,,,,,,,,,,,,,,,,,,,,,,,,,,,,,,,,,,,,,,,,,,,,,,,,,,,,,,,,,,,,,,,,,,,,,,,,,,,
Lebanese,Main course,Ackawi,Baklava,Balila,Batata harra,Daoud Bacha,Ftayer,Kunafi,Kibbeh,Kafta,Labneh,Makdous,Manaeesh,Mujaddara,Mulukhiyah,Pastirma,Qatayef,Qawarma,Shanklish,Shish taouk,Douma,Hammana,Baskinta,Ferzol,Zahle,Sidon,Bsharri,Jbeil,Sidon,,,,,,,,,,,,,,,,,,,,,,,,,,,,,,,,,,,,,,,,,,,,,,,,,,,,,,,,,,,,,,,,,,,,,,,,,,,,,,,,,,,,,,,,,,,,,,,,,,,,,,,,,,,,,,,,,,,,,,,,,,,,,,,,,,,,,,,,,
Lebanese,Beverage,Almaza,Arak,Ayran,Jallab,,,,,,,,,,,,,,,,,,,,,,,,,,,,,,,,,,,,,,,,,,,,,,,,,,,,,,,,,,,,,,,,,,,,,,,,,,,,,,,,,,,,,,,,,,,,,,,,,,,,,,,,,,,,,,,,,,,,,,,,,,,,,,,,,,,,,,,,,,,,,,,,,,,,,,,,,,,,,,,,,
Ukrainian,Soup,Borshch,Kapusniak,Rosolnyk,Solyanka,Yushka,Zelenyj borshch,,,,,,,,,,,,,,,,,,,,,,,,,,,,,,,,,,,,,,,,,,,,,,,,,,,,,,,,,,,,,,,,,,,,,,,,,,,,,,,,,,,,,,,,,,,,,,,,,,,,,,,,,,,,,,,,,,,,,,,,,,,,,,,,,,,,,,,,,,,,,,,,,,,,,,,,,,,,,,,
Ukrainian,Appetizer,Kovbasa,Salo,Studentz,,,,,,,,,,,,,,,,,,,,,,,,,,,,,,,,,,,,,,,,,,,,,,,,,,,,,,,,,,,,,,,,,,,,,,,,,,,,,,,,,,,,,,,,,,,,,,,,,,,,,,,,,,,,,,,,,,,,,,,,,,,,,,,,,,,,,,,,,,,,,,,,,,,,,,,,,,,,,,,,,,
Ukrainian,Salad,Olivier,Vinigret,,,,,,,,,,,,,,,,,,,,,,,,,,,,,,,,,,,,,,,,,,,,,,,,,,,,,,,,,,,,,,,,,,,,,,,,,,,,,,,,,,,,,,,,,,,,,,,,,,,,,,,,,,,,,,,,,,,,,,,,,,,,,,,,,,,,,,,,,,,,,,,,,,,,,,,,,,,,,,,,,,,
Ukrainian,breads,Babka,Bublik,Kalach,Korovai,Pampushki,Paska,,,,,,,,,,,,,,,,,,,,,,,,,,,,,,,,,,,,,,,,,,,,,,,,,,,,,,,,,,,,,,,,,,,,,,,,,,,,,,,,,,,,,,,,,,,,,,,,,,,,,,,,,,,,,,,,,,,,,,,,,,,,,,,,,,,,,,,,,,,,,,,,,,,,,,,,,,,,,,,
Ukrainian,Main course,Varenyky,Pyrih,Holubtsi,Mlyntsi,ryba,Kotieta,kruchenyky,zavyvantsi,deruny,,,,,,,,,,,,,,,,,,,,,,,,,,,,,,,,,,,,,,,,,,,,,,,,,,,,,,,,,,,,,,,,,,,,,,,,,,,,,,,,,,,,,,,,,,,,,,,,,,,,,,,,,,,,,,,,,,,,,,,,,,,,,,,,,,,,,,,,,,,,,,,,,,,,,,,,,,,,
Ukrainian,Dessert,Kutia,Pampushky,Syrnyky,Torte,Varrenya,Zhele,,,,,,,,,,,,,,,,,,,,,,,,,,,,,,,,,,,,,,,,,,,,,,,,,,,,,,,,,,,,,,,,,,,,,,,,,,,,,,,,,,,,,,,,,,,,,,,,,,,,,,,,,,,,,,,,,,,,,,,,,,,,,,,,,,,,,,,,,,,,,,,,,,,,,,,,,,,,,,,
Ukrainian,Beverage,horilka,pyvo,vyno,medovukha,kompot,uzvar,kefir,Ryazhanka,,,,,,,,,,,,,,,,,,,,,,,,,,,,,,,,,,,,,,,,,,,,,,,,,,,,,,,,,,,,,,,,,,,,,,,,,,,,,,,,,,,,,,,,,,,,,,,,,,,,,,,,,,,,,,,,,,,,,,,,,,,,,,,,,,,,,,,,,,,,,,,,,,,,,,,,,,,,,
Russian,Soup,Kvass,Tyurya,okroshka,botvinya,swekolnik,shchi,solyanka,ukha,rassolnik,kalya,lapsha,,,,,,,,,,,,,,,,,,,,,,,,,,,,,,,,,,,,,,,,,,,,,,,,,,,,,,,,,,,,,,,,,,,,,,,,,,,,,,,,,,,,,,,,,,,,,,,,,,,,,,,,,,,,,,,,,,,,,,,,,,,,,,,,,,,,,,,,,,,,,,,,,,,,,,,,,,
Russian,Meat dish,Kholodet,zharkoye,pelmeni,kholodet,kotlety,shashlyk,,,,,,,,,,,,,,,,,,,,,,,,,,,,,,,,,,,,,,,,,,,,,,,,,,,,,,,,,,,,,,,,,,,,,,,,,,,,,,,,,,,,,,,,,,,,,,,,,,,,,,,,,,,,,,,,,,,,,,,,,,,,,,,,,,,,,,,,,,,,,,,,,,,,,,,,,,,,,,,
Russian,breads,Pirozhki,Blini,Syrniki,Vatrushka,,,,,,,,,,,,,,,,,,,,,,,,,,,,,,,,,,,,,,,,,,,,,,,,,,,,,,,,,,,,,,,,,,,,,,,,,,,,,,,,,,,,,,,,,,,,,,,,,,,,,,,,,,,,,,,,,,,,,,,,,,,,,,,,,,,,,,,,,,,,,,,,,,,,,,,,,,,,,,,,,
Russian,beverage,Medovukha,myod,kvass,sbiten,,,,,,,,,,,,,,,,,,,,,,,,,,,,,,,,,,,,,,,,,,,,,,,,,,,,,,,,,,,,,,,,,,,,,,,,,,,,,,,,,,,,,,,,,,,,,,,,,,,,,,,,,,,,,,,,,,,,,,,,,,,,,,,,,,,,,,,,,,,,,,,,,,,,,,,,,,,,,,,,,
Russian,salad,Olivier,shuba,vinegret,varenye,kashi,,,,,,,,,,,,,,,,,,,,,,,,,,,,,,,,,,,,,,,,,,,,,,,,,,,,,,,,,,,,,,,,,,,,,,,,,,,,,,,,,,,,,,,,,,,,,,,,,,,,,,,,,,,,,,,,,,,,,,,,,,,,,,,,,,,,,,,,,,,,,,,,,,,,,,,,,,,,,,,,
Romanian,Soup,Bors,Ciorba,supa,,,,,,,,,,,,,,,,,,,,,,,,,,,,,,,,,,,,,,,,,,,,,,,,,,,,,,,,,,,,,,,,,,,,,,,,,,,,,,,,,,,,,,,,,,,,,,,,,,,,,,,,,,,,,,,,,,,,,,,,,,,,,,,,,,,,,,,,,,,,,,,,,,,,,,,,,,,,,,,,,,
Romanian,Meat dish,caltabos,carnati,chiftele,ciulama,drob,frigarui,mititei,gratar,musaca,ostropel,papricas,parjaole,piftie,slanina,stufat,toba,tocana,tocanita,tochitura,varza,calita,sarmale,,,,,,,,,,,,,,,,,,,,,,,,,,,,,,,,,,,,,,,,,,,,,,,,,,,,,,,,,,,,,,,,,,,,,,,,,,,,,,,,,,,,,,,,,,,,,,,,,,,,,,,,,,,,,,,,,,,,,,,,,,,,,,,,,,,,,,,,,,,,,,,
Romanian,Fish dish,icre,saramura,Ghiveci,Macrou,afumat,,,,,,,,,,,,,,,,,,,,,,,,,,,,,,,,,,,,,,,,,,,,,,,,,,,,,,,,,,,,,,,,,,,,,,,,,,,,,,,,,,,,,,,,,,,,,,,,,,,,,,,,,,,,,,,,,,,,,,,,,,,,,,,,,,,,,,,,,,,,,,,,,,,,,,,,,,,,,,,,
Romanian,vegetable dish,ardei,dovlecei,gulii,vinete,sarmale,Ghiveci,Lahnie,Fasole,Mamaliga,Mancare,Pilaf,snitel,placinta,tocana,tocanita,zacusca,,,,,,,,,,,,,,,,,,,,,,,,,,,,,,,,,,,,,,,,,,,,,,,,,,,,,,,,,,,,,,,,,,,,,,,,,,,,,,,,,,,,,,,,,,,,,,,,,,,,,,,,,,,,,,,,,,,,,,,,,,,,,,,,,,,,,,,,,,,,,,,,,,,,,
Romanian,Salad,castraveti,gogonele,murata,mujdei,salata,,,,,,,,,,,,,,,,,,,,,,,,,,,,,,,,,,,,,,,,,,,,,,,,,,,,,,,,,,,,,,,,,,,,,,,,,,,,,,,,,,,,,,,,,,,,,,,,,,,,,,,,,,,,,,,,,,,,,,,,,,,,,,,,,,,,,,,,,,,,,,,,,,,,,,,,,,,,,,,,
Romanian,dessert,covrigi,Gogosi,Placinta,Coliva,Cozonac,Pandispan,Lapte,clatite,chec,papanasi,sarlota,prajituri,savarine,amandine,joffre,mucenici,pelincile,cornulete,,,,,,,,,,,,,,,,,,,,,,,,,,,,,,,,,,,,,,,,,,,,,,,,,,,,,,,,,,,,,,,,,,,,,,,,,,,,,,,,,,,,,,,,,,,,,,,,,,,,,,,,,,,,,,,,,,,,,,,,,,,,,,,,,,,,,,,,,,,,,,,,,,,
Romanian,Beverage,Afinata,bere,braga,cafea,horinca,palinca,rachiu,secarica,sibovita,socota,tescovina,tuica,turt,visinata,vin,zmeurata,ceai,sirop,,,,,,,,,,,,,,,,,,,,,,,,,,,,,,,,,,,,,,,,,,,,,,,,,,,,,,,,,,,,,,,,,,,,,,,,,,,,,,,,,,,,,,,,,,,,,,,,,,,,,,,,,,,,,,,,,,,,,,,,,,,,,,,,,,,,,,,,,,,,,,,,,,,
Bulgarian,Main course,Lukanka,Sujuk,Sazdarma,karnacheta,bahur,banski,pacha,elenski,lyutenitza,ljutika,apetitka,ajvar,kyopolou,podluchen,katak,razyadka,kyufte,kebapche,parjola,shishcheta,karnache,nadenitsa,tatarsko,nevrozno,cheverme,skara,gyuvech,yahniya,plakiya,sarma,kavarma,kapama,chomlek,courgette,zelnik,nikuldenski,,,,,,,,,,,,,,,,,,,,,,,,,,,,,,,,,,,,,,,,,,,,,,,,,,,,,,,,,,,,,,,,,,,,,,,,,,,,,,,,,,,,,,,,,,,,,,,,,,,,,,,,,,,,,,,,,,,,,,,,,,,,,,,,,
Bulgarian,soup,tarator,chorba,teleshko,topcheta,,,,,,,,,,,,,,,,,,,,,,,,,,,,,,,,,,,,,,,,,,,,,,,,,,,,,,,,,,,,,,,,,,,,,,,,,,,,,,,,,,,,,,,,,,,,,,,,,,,,,,,,,,,,,,,,,,,,,,,,,,,,,,,,,,,,,,,,,,,,,,,,,,,,,,,,,,,,,,,,,
Bulgarian,salad,shopska,tzatziki,ovcharska,chiroz,,,,,,,,,,,,,,,,,,,,,,,,,,,,,,,,,,,,,,,,,,,,,,,,,,,,,,,,,,,,,,,,,,,,,,,,,,,,,,,,,,,,,,,,,,,,,,,,,,,,,,,,,,,,,,,,,,,,,,,,,,,,,,,,,,,,,,,,,,,,,,,,,,,,,,,,,,,,,,,,,
Bulgarian,appetizer,katino meze,drob po selski,ezik v maslo,sirene pane,kashkaval,,,,,,,,,,,,,,,,,,,,,,,,,,,,,,,,,,,,,,,,,,,,,,,,,,,,,,,,,,,,,,,,,,,,,,,,,,,,,,,,,,,,,,,,,,,,,,,,,,,,,,,,,,,,,,,,,,,,,,,,,,,,,,,,,,,,,,,,,,,,,,,,,,,,,,,,,,,,,,,,
Bulgarian,breads,pogacha,kravai,kolak,banitsa,tikvenik,saraliya,parlenki,patatnik,kachamak,Byal Mazh,milinka,gevrek,kozunak,mekitsi,katmi,palachinki,kachamak,tutmanik,marudnitsi,tiganitsi,dudnik,popara,sulovar,kiflichki,solenki,yufka,skrob,trahana,,,,,,,,,,,,,,,,,,,,,,,,,,,,,,,,,,,,,,,,,,,,,,,,,,,,,,,,,,,,,,,,,,,,,,,,,,,,,,,,,,,,,,,,,,,,,,,,,,,,,,,,,,,,,,,,,,,,,,,,,,,,,,,,,,,,,,,,,
Bulgarian,dessert,buhti,praskovki,garash,kazanlak,kompot,kozunak,kurabiiki,lokum,maslenki,oshav,tatlii,tikvenik,tulumbichki,,,,,,,,,,,,,,,,,,,,,,,,,,,,,,,,,,,,,,,,,,,,,,,,,,,,,,,,,,,,,,,,,,,,,,,,,,,,,,,,,,,,,,,,,,,,,,,,,,,,,,,,,,,,,,,,,,,,,,,,,,,,,,,,,,,,,,,,,,,,,,,,,,,,,,,,
Bulgarian,beverage,Mavrud,Pamid,Gamza,melnik,dimyat,misket,muskat,nohan,divachka,shivka,rubin,tamyanka,rakia,mastika,menta,ariana,astika,boliarka,burgasko,kamenitza,ledenika,pirinsko,plevensko,shumensko,stolichno,zagorka,boza,Ayran,matenitsa,pitie,greyana rakiya,,,,,,,,,,,,,,,,,,,,,,,,,,,,,,,,,,,,,,,,,,,,,,,,,,,,,,,,,,,,,,,,,,,,,,,,,,,,,,,,,,,,,,,,,,,,,,,,,,,,,,,,,,,,,,,,,,,,,,,,,,,,,,,,,,,,,,
Hungarian,soup,gulyasleves,halaszle,husleves,leves,vadgomaleves,borleves,palocleves,komenymagleves,krumplileves,pacal,,,,,,,,,,,,,,,,,,,,,,,,,,,,,,,,,,,,,,,,,,,,,,,,,,,,,,,,,,,,,,,,,,,,,,,,,,,,,,,,,,,,,,,,,,,,,,,,,,,,,,,,,,,,,,,,,,,,,,,,,,,,,,,,,,,,,,,,,,,,,,,,,,,,,,,,,,,
Hungarian,main course,csaszarmorzsa,fozelek,fasirt,pecsenye,porkolt,palacsinta,krumpli,rantott,kaposzta,solet,nudli,tekercsek,toltott,turogomboc,vadas marha,schnitzel,hurka,teliszalami,szalami,csabai szalami,kolbasz,debreceni kolbasz,disznosajt,szalonna,virsli,lokolbasz,,,,,,,,,,,,,,,,,,,,,,,,,,,,,,,,,,,,,,,,,,,,,,,,,,,,,,,,,,,,,,,,,,,,,,,,,,,,,,,,,,,,,,,,,,,,,,,,,,,,,,,,,,,,,,,,,,,,,,,,,,,,,,,,,,,,,,,,,,,
Hungarian,dessert,linzer,rigo jancsi,Gesztenyepure,bejgli,kurtoskalacs,csoroge,piskota,retes,kepviselo,kuglof,bukta,lekvaros,lekvar,torokmez,madartej,turo rudi,szaloncukor,arany galuska,somloi galuska,palacsinta,flodni,,,,,,,,,,,,,,,,,,,,,,,,,,,,,,,,,,,,,,,,,,,,,,,,,,,,,,,,,,,,,,,,,,,,,,,,,,,,,,,,,,,,,,,,,,,,,,,,,,,,,,,,,,,,,,,,,,,,,,,,,,,,,,,,,,,,,,,,,,,,,,,,
Hungarian,breads,langos,pogasca,zsemle,perec,majgaluska,grizgaluska,tarhonya,rizi bizi,vinetta,korozott,bundas kenyer,,,,,,,,,,,,,,,,,,,,,,,,,,,,,,,,,,,,,,,,,,,,,,,,,,,,,,,,,,,,,,,,,,,,,,,,,,,,,,,,,,,,,,,,,,,,,,,,,,,,,,,,,,,,,,,,,,,,,,,,,,,,,,,,,,,,,,,,,,,,,,,,,,,,,,,,,,
Hungarian,beverage,tokaji,villany,egri bikaver,unicum,palinka,mira,traubi,,,,,,,,,,,,,,,,,,,,,,,,,,,,,,,,,,,,,,,,,,,,,,,,,,,,,,,,,,,,,,,,,,,,,,,,,,,,,,,,,,,,,,,,,,,,,,,,,,,,,,,,,,,,,,,,,,,,,,,,,,,,,,,,,,,,,,,,,,,,,,,,,,,,,,,,,,,,,,
Polish,soup,Zupa pomidorowa,kartoflanka,barszcz,chlodnik,buraczkowa,szczawiowa,flaczki,rosoi,zupa,zurek,zur,grochowka,kapusniak,,,,,,,,,,,,,,,,,,,,,,,,,,,,,,,,,,,,,,,,,,,,,,,,,,,,,,,,,,,,,,,,,,,,,,,,,,,,,,,,,,,,,,,,,,,,,,,,,,,,,,,,,,,,,,,,,,,,,,,,,,,,,,,,,,,,,,,,,,,,,,,,,,,,,,,,
Polish,Main course,Pierogi,bigos,kotlet schawoby,golonka,golabki,kielbasa,gulasz,zrazy,pyzy,baranina,karkowka,sledzie,losos,pulpety,wolowe,wedzone,kurczak,wolowina,ryba,smazona,faszerowany,,,,,,,,,,,,,,,,,,,,,,,,,,,,,,,,,,,,,,,,,,,,,,,,,,,,,,,,,,,,,,,,,,,,,,,,,,,,,,,,,,,,,,,,,,,,,,,,,,,,,,,,,,,,,,,,,,,,,,,,,,,,,,,,,,,,,,,,,,,,,,,,
Polish,side dish,kartofle,kopytka,mizeria,jarzynowa,zasmazana,surowka,,,,,,,,,,,,,,,,,,,,,,,,,,,,,,,,,,,,,,,,,,,,,,,,,,,,,,,,,,,,,,,,,,,,,,,,,,,,,,,,,,,,,,,,,,,,,,,,,,,,,,,,,,,,,,,,,,,,,,,,,,,,,,,,,,,,,,,,,,,,,,,,,,,,,,,,,,,,,,,
Polish,salad,salatka,buraczki,Migdalami,,,,,,,,,,,,,,,,,,,,,,,,,,,,,,,,,,,,,,,,,,,,,,,,,,,,,,,,,,,,,,,,,,,,,,,,,,,,,,,,,,,,,,,,,,,,,,,,,,,,,,,,,,,,,,,,,,,,,,,,,,,,,,,,,,,,,,,,,,,,,,,,,,,,,,,,,,,,,,,,,,
Polish,breads,chleb,bulka,chlebem,sziachta,,,,,,,,,,,,,,,,,,,,,,,,,,,,,,,,,,,,,,,,,,,,,,,,,,,,,,,,,,,,,,,,,,,,,,,,,,,,,,,,,,,,,,,,,,,,,,,,,,,,,,,,,,,,,,,,,,,,,,,,,,,,,,,,,,,,,,,,,,,,,,,,,,,,,,,,,,,,,,,,,
Polish,dessert,makowiec,paczek,pierniki,mazurek,chalka,krowki,kremowka,kisiel,budyn,faworki,kutia,panska,wedlowska,pawelek,,,,,,,,,,,,,,,,,,,,,,,,,,,,,,,,,,,,,,,,,,,,,,,,,,,,,,,,,,,,,,,,,,,,,,,,,,,,,,,,,,,,,,,,,,,,,,,,,,,,,,,,,,,,,,,,,,,,,,,,,,,,,,,,,,,,,,,,,,,,,,,,,,,,,,,
Polish,Beverage,mead,okowita,gorzalka,,,,,,,,,,,,,,,,,,,,,,,,,,,,,,,,,,,,,,,,,,,,,,,,,,,,,,,,,,,,,,,,,,,,,,,,,,,,,,,,,,,,,,,,,,,,,,,,,,,,,,,,,,,,,,,,,,,,,,,,,,,,,,,,,,,,,,,,,,,,,,,,,,,,,,,,,,,,,,,,,,
Egyptian,breads,eish masri,gamosa,aish merahrah,,,,,,,,,,,,,,,,,,,,,,,,,,,,,,,,,,,,,,,,,,,,,,,,,,,,,,,,,,,,,,,,,,,,,,,,,,,,,,,,,,,,,,,,,,,,,,,,,,,,,,,,,,,,,,,,,,,,,,,,,,,,,,,,,,,,,,,,,,,,,,,,,,,,,,,,,,,,,,,,,,
Egyptian,Main course,ful medames,fava,koshari,molokheyya,baba ghannoug,dakka,kebda,keshk,mahshi,dolma,moussaka,molokheyyah,tahini,shakshouka,samak,mashwi,makli,torly,beeftek,kersha,orzo,besara,duqqa,ferakh panee,feseekh,fitir,shish taouk,tagine,qolqas,bamyah,dakka,,,,,,,,,,,,,,,,,,,,,,,,,,,,,,,,,,,,,,,,,,,,,,,,,,,,,,,,,,,,,,,,,,,,,,,,,,,,,,,,,,,,,,,,,,,,,,,,,,,,,,,,,,,,,,,,,,,,,,,,,,,,,,,,,,,,,,
Egyptian,dessert,feteer meshaltet,labida,malban,melabbes,mehalabeyya,,,,,,,,,,,,,,,,,,,,,,,,,,,,,,,,,,,,,,,,,,,,,,,,,,,,,,,,,,,,,,,,,,,,,,,,,,,,,,,,,,,,,,,,,,,,,,,,,,,,,,,,,,,,,,,,,,,,,,,,,,,,,,,,,,,,,,,,,,,,,,,,,,,,,,,,,,,,,,,,
Egyptian,beverage,wajeb,wageb,karkadeh,tamr,,,,,,,,,,,,,,,,,,,,,,,,,,,,,,,,,,,,,,,,,,,,,,,,,,,,,,,,,,,,,,,,,,,,,,,,,,,,,,,,,,,,,,,,,,,,,,,,,,,,,,,,,,,,,,,,,,,,,,,,,,,,,,,,,,,,,,,,,,,,,,,,,,,,,,,,,,,,,,,,,
Ecuador,Main course,chifle,chugchucaras,encebollado,fanesca,fritada,hornado,Ilex guayusa,llapingacho,sancocho,seco,sofrito,lechon,tacacho,uchu jacu,,,,,,,,,,,,,,,,,,,,,,,,,,,,,,,,,,,,,,,,,,,,,,,,,,,,,,,,,,,,,,,,,,,,,,,,,,,,,,,,,,,,,,,,,,,,,,,,,,,,,,,,,,,,,,,,,,,,,,,,,,,,,,,,,,,,,,,,,,,,,,,,,,,,,,,
Ecuador,beverage,canezalo,champus,chapil,chicha,colada morada,fioravanti,horchata,,,,,,,,,,,,,,,,,,,,,,,,,,,,,,,,,,,,,,,,,,,,,,,,,,,,,,,,,,,,,,,,,,,,,,,,,,,,,,,,,,,,,,,,,,,,,,,,,,,,,,,,,,,,,,,,,,,,,,,,,,,,,,,,,,,,,,,,,,,,,,,,,,,,,,,,,,,,,,
Georgian,Appetizer,abkhazura,ajapsandali,ispanakhi,jonjoli,khachapuri,khizilala,kuchmachi,kupati,lobiani,lobio,matsoni,mchadi,mujuji,nadughi,pkhali,satsivi,soko,tarti,,,,,,,,,,,,,,,,,,,,,,,,,,,,,,,,,,,,,,,,,,,,,,,,,,,,,,,,,,,,,,,,,,,,,,,,,,,,,,,,,,,,,,,,,,,,,,,,,,,,,,,,,,,,,,,,,,,,,,,,,,,,,,,,,,,,,,,,,,,,,,,,,,,
Georgian,Beverage,alazani,akhasheni,saperavi,kindzmarauli,rkatsiteli,natakhtari,kazbegi,argo,kasri,karva,lagidze,borjomi,nabeghlavi,likani,sairme,,,,,,,,,,,,,,,,,,,,,,,,,,,,,,,,,,,,,,,,,,,,,,,,,,,,,,,,,,,,,,,,,,,,,,,,,,,,,,,,,,,,,,,,,,,,,,,,,,,,,,,,,,,,,,,,,,,,,,,,,,,,,,,,,,,,,,,,,,,,,,,,,,,,,,
Georgian,Breads,tonis,khacha,shotis,mesxuri,,,,,,,,,,,,,,,,,,,,,,,,,,,,,,,,,,,,,,,,,,,,,,,,,,,,,,,,,,,,,,,,,,,,,,,,,,,,,,,,,,,,,,,,,,,,,,,,,,,,,,,,,,,,,,,,,,,,,,,,,,,,,,,,,,,,,,,,,,,,,,,,,,,,,,,,,,,,,,,,,
Georgian,soups and stew,arjakeli,balbis,bostbeulis,chikhirtma,domkhlis,Dos,gholos,gogris,ispanakhis,katmis,kharcho,lobios,markhokhis,matsvnis,mukhodos,nivris,pomidvris,qvelis,satatsuris,shindis,sokos,staphilos,,,,,,,,,,,,,,,,,,,,,,,,,,,,,,,,,,,,,,,,,,,,,,,,,,,,,,,,,,,,,,,,,,,,,,,,,,,,,,,,,,,,,,,,,,,,,,,,,,,,,,,,,,,,,,,,,,,,,,,,,,,,,,,,,,,,,,,,,,,,,,,
Georgian,vegetarian dish,ajepsandali,Badrijani Brinjit,Badrijani Mtsvanilit,Badrijani Nigvzit,Badrijnis Borani,Badrijnis Khizilala,Ekala Nigvzit,Gogris Guphta,Ispanakhi,Kvartskhit,kartopili,Lobiani,nigvzit,kartopili,soko,tolma,,,,,,,,,,,,,,,,,,,,,,,,,,,,,,,,,,,,,,,,,,,,,,,,,,,,,,,,,,,,,,,,,,,,,,,,,,,,,,,,,,,,,,,,,,,,,,,,,,,,,,,,,,,,,,,,,,,,,,,,,,,,,,,,,,,,,,,,,,,,,,,,,,,,,
Georgian,salad,ispanakhi,kartophilis,katmis,khakhvis,khilis,kiborchkhalis,kitris,kombosto,kvertskhis,lobios,pkhali,Sagazapkhulo,tarkhunis,tcharkhali,tevzis,sokos,,,,,,,,,,,,,,,,,,,,,,,,,,,,,,,,,,,,,,,,,,,,,,,,,,,,,,,,,,,,,,,,,,,,,,,,,,,,,,,,,,,,,,,,,,,,,,,,,,,,,,,,,,,,,,,,,,,,,,,,,,,,,,,,,,,,,,,,,,,,,,,,,,,,,
Georgian,Meat dish,Abkhazura,Basturma,Betchi,Chakapuli,Chanakhi,Dzekhvi,Guphta,Jonjoli,Kababi,Khashi,Khashlama,Khinkali,Ku,Kutchmatchi,Lori,Mokharshuli ena,Mokharshuli Gotchi,Mtsvadi,Muzhuzhi,Plov,Qaurma,Shemtsvari Gotchi,Shilaplavi,,,,,,,,,,,,,,,,,,,,,,,,,,,,,,,,,,,,,,,,,,,,,,,,,,,,,,,,,,,,,,,,,,,,,,,,,,,,,,,,,,,,,,,,,,,,,,,,,,,,,,,,,,,,,,,,,,,,,,,,,,,,,,,,,,,,,,,,,,,,,,
Georgian,Poultry based dish,Bati Shavi kliavit,Chakhokhbili,Chikhirtma,Chkhmeruli,Ikhvi Bostneulit,Ikhvis Chakhokhbili,Indauris garo,Katami Brinjit,Katami Nivrit,Katmis Mkhali,Kutchmatchi,Satsivi Kvertskhit,Shemtsvari Indauri,Tsitsila tabaka,Tsitsila Abkhazurd,Tsitsila Shindit,,,,,,,,,,,,,,,,,,,,,,,,,,,,,,,,,,,,,,,,,,,,,,,,,,,,,,,,,,,,,,,,,,,,,,,,,,,,,,,,,,,,,,,,,,,,,,,,,,,,,,,,,,,,,,,,,,,,,,,,,,,,,,,,,,,,,,,,,,,,,,,,,,,,,
Georgian,Fish dish,Chakhokhbili Oraguli,Kalmakhi Tarkhunit,Kephali,Khizilala,Kibo Kindzit,Kibo Mokharshuli,Kibo Tetri Ghvinit,Kobri Nigvzit da Brotseulit,Loko Kindzmatshi,Loko Tsiteli Ghvinit,Oraguli Nigvzit,Shebolili Kephali,Shemtsvari Tarti,Tarti Tetri ghvinit,Tevzi Bazheshi,Tevzi Pamidvrit,Tsotskhali,Tsvera Nigvzit da Brotseulit,Zutkhi Kaklis photolshi,Zutkhi Shemtsvari,Zutkhis Mtsvadi,,,,,,,,,,,,,,,,,,,,,,,,,,,,,,,,,,,,,,,,,,,,,,,,,,,,,,,,,,,,,,,,,,,,,,,,,,,,,,,,,,,,,,,,,,,,,,,,,,,,,,,,,,,,,,,,,,,,,,,,,,,,,,,,,,,,,,,,,,,,,,,,
Georgian,Dessert,Alublis Ghvezeli,Alublis Muraba,Churchkhela,Gozinaki,Kada,Kaklis Muraba,Khilis Torti,Kishmishiani,Komshis Muraba,Martqvis Torti,Nazuki,Nigvziani,Nigvzis Torti,Pakhlava,Paska bobobo,Phelamushi,Phenovani,Qaviani,Sazamtros Muraba,Shakarlama Tkhilit,Shokoladiani,Taphlis kveri,Vardis Muraba,Vashlis Namtskhvari,,,,,,,,,,,,,,,,,,,,,,,,,,,,,,,,,,,,,,,,,,,,,,,,,,,,,,,,,,,,,,,,,,,,,,,,,,,,,,,,,,,,,,,,,,,,,,,,,,,,,,,,,,,,,,,,,,,,,,,,,,,,,,,,,,,,,,,,,,,,,
Ghanian,main course,akple,banku,etsew,kenkey,dokonu,komi,tuo zaafi,fonfom,omo tuo,jollof,konkonte,fufu,gari,attieke,plakali,tubaani,ampesie,,,,,,,,,,,,,,,,,,,,,,,,,,,,,,,,,,,,,,,,,,,,,,,,,,,,,,,,,,,,,,,,,,,,,,,,,,,,,,,,,,,,,,,,,,,,,,,,,,,,,,,,,,,,,,,,,,,,,,,,,,,,,,,,,,,,,,,,,,,,,,,,,,,,
Ghanian,soup and stew,kontomire,ayoyo,egusi stew,mpotompoto,,,,,,,,,,,,,,,,,,,,,,,,,,,,,,,,,,,,,,,,,,,,,,,,,,,,,,,,,,,,,,,,,,,,,,,,,,,,,,,,,,,,,,,,,,,,,,,,,,,,,,,,,,,,,,,,,,,,,,,,,,,,,,,,,,,,,,,,,,,,,,,,,,,,,,,,,,,,,,,,,
Ghanian,dessert,kelewele,acaraje,akara,maasa,pinkaaso,ballfloat,zowey,nkate,krakro,tatale,bankye krakro,krakye ayuosu,,,,,,,,,,,,,,,,,,,,,,,,,,,,,,,,,,,,,,,,,,,,,,,,,,,,,,,,,,,,,,,,,,,,,,,,,,,,,,,,,,,,,,,,,,,,,,,,,,,,,,,,,,,,,,,,,,,,,,,,,,,,,,,,,,,,,,,,,,,,,,,,,,,,,,,,,
Ghanian,Beverage,asaana,akpeteshie,kenkey,bissab,sorrel,toose,lamujee,,,,,,,,,,,,,,,,,,,,,,,,,,,,,,,,,,,,,,,,,,,,,,,,,,,,,,,,,,,,,,,,,,,,,,,,,,,,,,,,,,,,,,,,,,,,,,,,,,,,,,,,,,,,,,,,,,,,,,,,,,,,,,,,,,,,,,,,,,,,,,,,,,,,,,,,,,,,,,
Ivory coast,main course,attieke,aitiu,alloco,maafe,kedjenou,,,,,,,,,,,,,,,,,,,,,,,,,,,,,,,,,,,,,,,,,,,,,,,,,,,,,,,,,,,,,,,,,,,,,,,,,,,,,,,,,,,,,,,,,,,,,,,,,,,,,,,,,,,,,,,,,,,,,,,,,,,,,,,,,,,,,,,,,,,,,,,,,,,,,,,,,,,,,,,,
Kenyan,main course,ugali,sukuma wiki,nyama choma,kachumbari,ingokho,tsisaka,miroo,managu,ngwaci,nduma,ikwa,mianga,njahi,kuon,gweno,aliya,osuga,akeyo,muto,akara,gbegiri,moin moin,,,,,,,,,,,,,,,,,,,,,,,,,,,,,,,,,,,,,,,,,,,,,,,,,,,,,,,,,,,,,,,,,,,,,,,,,,,,,,,,,,,,,,,,,,,,,,,,,,,,,,,,,,,,,,,,,,,,,,,,,,,,,,,,,,,,,,,,,,,,,,,
Nigerian,rice dish,pate,tuwo masara,tuwo shinkafa,,,,,,,,,,,,,,,,,,,,,,,,,,,,,,,,,,,,,,,,,,,,,,,,,,,,,,,,,,,,,,,,,,,,,,,,,,,,,,,,,,,,,,,,,,,,,,,,,,,,,,,,,,,,,,,,,,,,,,,,,,,,,,,,,,,,,,,,,,,,,,,,,,,,,,,,,,,,,,,,,,
Nigerian,meat dish,suya,tsire,killishi,balangu,,,,,,,,,,,,,,,,,,,,,,,,,,,,,,,,,,,,,,,,,,,,,,,,,,,,,,,,,,,,,,,,,,,,,,,,,,,,,,,,,,,,,,,,,,,,,,,,,,,,,,,,,,,,,,,,,,,,,,,,,,,,,,,,,,,,,,,,,,,,,,,,,,,,,,,,,,,,,,,,,
Nigerian,soup and stew,miyan kuka,miyan yakuwa,ayamase,afang,efo riro,egusi,maafe,ogbono,,,,,,,,,,,,,,,,,,,,,,,,,,,,,,,,,,,,,,,,,,,,,,,,,,,,,,,,,,,,,,,,,,,,,,,,,,,,,,,,,,,,,,,,,,,,,,,,,,,,,,,,,,,,,,,,,,,,,,,,,,,,,,,,,,,,,,,,,,,,,,,,,,,,,,,,,,,,,
Nigerian,side dish,dodo,funkaso,mosa,,,,,,,,,,,,,,,,,,,,,,,,,,,,,,,,,,,,,,,,,,,,,,,,,,,,,,,,,,,,,,,,,,,,,,,,,,,,,,,,,,,,,,,,,,,,,,,,,,,,,,,,,,,,,,,,,,,,,,,,,,,,,,,,,,,,,,,,,,,,,,,,,,,,,,,,,,,,,,,,,,
Nigerian,Dessert,moin,iyan,amala,asaro,eba,fufu,lafun,,,,,,,,,,,,,,,,,,,,,,,,,,,,,,,,,,,,,,,,,,,,,,,,,,,,,,,,,,,,,,,,,,,,,,,,,,,,,,,,,,,,,,,,,,,,,,,,,,,,,,,,,,,,,,,,,,,,,,,,,,,,,,,,,,,,,,,,,,,,,,,,,,,,,,,,,,,,,,
Nigerian,snacks,chin chin,puff puff,akara,alkaki,kuli kuli,kokoro,wara,dun dun,,,,,,,,,,,,,,,,,,,,,,,,,,,,,,,,,,,,,,,,,,,,,,,,,,,,,,,,,,,,,,,,,,,,,,,,,,,,,,,,,,,,,,,,,,,,,,,,,,,,,,,,,,,,,,,,,,,,,,,,,,,,,,,,,,,,,,,,,,,,,,,,,,,,,,,,,,,,,
Nigerian,beverage,kunu,dura da nono,zobo,,,,,,,,,,,,,,,,,,,,,,,,,,,,,,,,,,,,,,,,,,,,,,,,,,,,,,,,,,,,,,,,,,,,,,,,,,,,,,,,,,,,,,,,,,,,,,,,,,,,,,,,,,,,,,,,,,,,,,,,,,,,,,,,,,,,,,,,,,,,,,,,,,,,,,,,,,,,,,,,,,
Rwandian,Main course,ugali,bugali,Isombe,matoke,ibihaza,ikinyaga,,,,,,,,,,,,,,,,,,,,,,,,,,,,,,,,,,,,,,,,,,,,,,,,,,,,,,,,,,,,,,,,,,,,,,,,,,,,,,,,,,,,,,,,,,,,,,,,,,,,,,,,,,,,,,,,,,,,,,,,,,,,,,,,,,,,,,,,,,,,,,,,,,,,,,,,,,,,,,,
Rwandian,Beverage,ikigage,ubuki,,,,,,,,,,,,,,,,,,,,,,,,,,,,,,,,,,,,,,,,,,,,,,,,,,,,,,,,,,,,,,,,,,,,,,,,,,,,,,,,,,,,,,,,,,,,,,,,,,,,,,,,,,,,,,,,,,,,,,,,,,,,,,,,,,,,,,,,,,,,,,,,,,,,,,,,,,,,,,,,,,,
Senegalese,Main course,Thieboudienne,ceebu jen,ceebu yapp,thiebou yapp,ceebu guinaar,thiebou guinaar,thiebou guerte,ceebu guerte,yassa,chere,maafe,sombi,footi,,,,,,,,,,,,,,,,,,,,,,,,,,,,,,,,,,,,,,,,,,,,,,,,,,,,,,,,,,,,,,,,,,,,,,,,,,,,,,,,,,,,,,,,,,,,,,,,,,,,,,,,,,,,,,,,,,,,,,,,,,,,,,,,,,,,,,,,,,,,,,,,,,,,,,,,
Senegalese,dessert,thiakry,banana glace,,,,,,,,,,,,,,,,,,,,,,,,,,,,,,,,,,,,,,,,,,,,,,,,,,,,,,,,,,,,,,,,,,,,,,,,,,,,,,,,,,,,,,,,,,,,,,,,,,,,,,,,,,,,,,,,,,,,,,,,,,,,,,,,,,,,,,,,,,,,,,,,,,,,,,,,,,,,,,,,,,,
Tanzanian,Main course,wali,ndizi nyama,nyama choma,njegere,maharage,kisamvu,vileja,vitumbua,bagia,,,,,,,,,,,,,,,,,,,,,,,,,,,,,,,,,,,,,,,,,,,,,,,,,,,,,,,,,,,,,,,,,,,,,,,,,,,,,,,,,,,,,,,,,,,,,,,,,,,,,,,,,,,,,,,,,,,,,,,,,,,,,,,,,,,,,,,,,,,,,,,,,,,,,,,,,,,,
Tanzanian,Beverage,tanga,das es salaam,mnazi,tembo,wanzuki,mbege,chagga,lubisi,nkencha,nkonyagi,mbandule,,,,,,,,,,,,,,,,,,,,,,,,,,,,,,,,,,,,,,,,,,,,,,,,,,,,,,,,,,,,,,,,,,,,,,,,,,,,,,,,,,,,,,,,,,,,,,,,,,,,,,,,,,,,,,,,,,,,,,,,,,,,,,,,,,,,,,,,,,,,,,,,,,,,,,,,,,
